,temp_fet,temp_motor,avg_motor_current,avg_input_current,avg_id,avg_iq,duty_cycle_now,rpm,v_in,amp_hours,amp_hours_charged,watt_hours,watt_hours_charged,tachometer,tachometer_abs,mc_fault_code,pid_pos_now,app_controller_id,time_ms
0,31.0,-75.9,-0.36,-0.2,0.0,-0.36,0.001,0.0,46.6,1.005,0.2314,45.3677,10.9957,153742.0,157364.0,b'\x00',118.8,b'U',20446221.0
1,31.1,-76.5,28.69,6.2,-1.38,27.58,0.277,1926.0,46.6,1.0051,0.2314,45.3719,10.9957,153761.0,157383.0,b'\x00',138.181712,b'U',20380685.0
2,31.1,-76.5,2.03,0.4,-0.04,1.77,0.279,2842.0,46.5,1.0051,0.2314,45.3722,10.9957,153781.0,157403.0,b'\x00',249.823296,b'U',20511757.0
3,31.1,-77.2,8.45,2.08,0.28,8.31,0.31,3332.0,46.4,1.0052,0.2314,45.3737,10.9957,153801.0,157423.0,b'\x00',38.748924,b'U',20380815.0
4,31.1,-77.6,8.59,2.34,0.0,8.5,0.339,3780.0,46.4,1.0052,0.2314,45.3751,10.9957,153824.0,157446.0,b'\x00',336.094752,b'U',20380685.0
5,31.1,-77.7,11.22,3.33,-0.03,11.13,0.362,4170.0,46.5,1.0053,0.2314,45.3777,10.9957,153849.0,157471.0,b'\x00',30.934,b'U',20315279.0
6,31.1,-77.7,11.65,3.72,0.12,11.6,0.392,4516.0,46.3,1.0053,0.2314,45.3799,10.9957,153876.0,157498.0,b'\x00',193.145984,b'U',20315251.0
7,31.1,-77.8,15.28,5.15,0.0,15.19,0.408,4810.0,46.4,1.0054,0.2314,45.3839,10.9957,153904.0,157526.0,b'\x00',86.939008,b'U',20446351.0
8,31.1,-77.9,15.99,5.69,0.22,15.98,0.425,5059.0,46.2,1.0055,0.2314,45.3882,10.9957,153933.0,157555.0,b'\x00',55.185672,b'U',20511887.0
9,31.1,-77.6,18.45,6.76,-0.1,18.38,0.432,5274.0,46.3,1.0056,0.2314,45.3926,10.9957,153964.0,157586.0,b'\x00',87.901616,b'U',20315212.0
10,31.1,-78.0,21.86,8.48,0.0,21.81,0.45,5595.0,46.1,1.0058,0.2314,45.4039,10.9957,154027.0,157649.0,b'\x00',274.543424,b'U',20315251.0
11,31.1,-77.8,23.41,9.29,0.17,23.37,0.468,5714.0,46.1,1.006,0.2314,45.411,10.9957,154060.0,157682.0,b'\x00',76.790824,b'U',20380815.0
12,31.1,-77.5,24.45,9.85,-0.01,24.41,0.47,5815.0,46.2,1.0061,0.2314,45.4186,10.9957,154093.0,157715.0,b'\x00',258.411984,b'U',20511910.0
13,31.1,-77.1,24.7,10.07,-0.03,24.63,0.473,5907.0,46.1,1.0063,0.2314,45.4251,10.9957,154125.0,157747.0,b'\x00',1.128739,b'U',20444501.0
14,31.1,-77.5,24.58,10.15,0.0,24.53,0.483,5993.0,46.1,1.0065,0.2314,45.4329,10.9957,154159.0,157781.0,b'\x00',251.463312,b'U',20446323.0
15,31.1,-77.6,27.73,11.62,0.24,27.72,0.479,6040.0,46.0,1.0066,0.2314,45.4404,10.9957,154193.0,157815.0,b'\x00',154.699184,b'U',20446284.0
16,31.1,-78.0,29.4,12.43,0.1,29.34,0.509,6111.0,46.0,1.007,0.2314,45.4576,10.9957,154262.0,157884.0,b'\x00',309.157312,b'U',20380748.0
17,31.1,-78.2,29.47,12.53,0.01,29.44,0.495,6140.0,45.9,1.0072,0.2314,45.4673,10.9957,154296.0,157918.0,b'\x00',226.413472,b'U',20510037.0
18,31.1,-78.1,30.15,12.86,-0.01,30.11,0.499,6161.0,46.0,1.0074,0.2314,45.4755,10.9957,154330.0,157952.0,b'\x00',71.490864,b'U',20446351.0
19,31.1,-77.7,30.16,12.91,0.03,30.11,0.498,6186.0,46.0,1.0076,0.2314,45.4855,10.9957,154365.0,157987.0,b'\x00',1.66543,b'U',20446323.0
20,31.1,-77.6,30.71,13.18,0.02,30.66,0.503,6203.0,46.0,1.0078,0.2314,45.4939,10.9957,154400.0,158022.0,b'\x00',309.094944,b'U',20511859.0
21,31.1,-77.7,30.87,13.3,0.02,30.83,0.498,6221.0,46.0,1.008,0.2314,45.5042,10.9957,154435.0,158057.0,b'\x00',252.384496,b'U',20380787.0
22,31.1,-77.7,31.2,13.47,-0.01,31.17,0.502,6234.0,45.9,1.0082,0.2314,45.5145,10.9957,154469.0,158091.0,b'\x00',168.69672,b'U',20380748.0
23,31.1,-77.9,31.38,13.58,0.0,31.31,0.502,6250.0,45.9,1.0084,0.2314,45.5233,10.9957,154505.0,158127.0,b'\x00',120.292312,b'U',20511757.0
24,31.1,-77.9,31.48,13.66,-0.01,31.44,0.503,6264.0,46.0,1.0086,0.2314,45.5338,10.9957,154540.0,158162.0,b'\x00',61.796932,b'U',20380787.0
25,31.2,-78.3,31.72,13.79,0.0,31.67,0.5,6275.0,46.0,1.0088,0.2314,45.5426,10.9957,154575.0,158197.0,b'\x00',18.882894,b'U',20380787.0
26,31.2,-78.1,31.95,13.92,0.05,31.9,0.508,6286.0,45.9,1.009,0.2314,45.5516,10.9957,154607.0,158229.0,b'\x00',175.78344,b'U',20446323.0
27,31.2,-77.7,32.21,14.07,0.0,32.18,0.514,6302.0,45.8,1.0095,0.2314,45.5713,10.9957,154674.0,158296.0,b'\x00',184.648848,b'U',20511859.0
28,31.2,-77.7,32.37,14.17,-0.06,32.33,0.509,6311.0,45.9,1.0097,0.2314,45.5804,10.9957,154708.0,158330.0,b'\x00',91.96464,b'U',20446323.0
29,31.2,-77.9,32.35,14.18,0.02,32.31,0.51,6320.0,45.9,1.0099,0.2314,45.5913,10.9957,154744.0,158366.0,b'\x00',62.816172,b'U',20380787.0
30,31.2,-77.9,32.53,14.29,-0.03,32.49,0.503,6330.0,45.8,1.0101,0.2314,45.6023,10.9957,154779.0,158401.0,b'\x00',39.460964,b'U',20577423.0
31,31.3,-77.7,32.89,14.49,0.03,32.83,0.519,6357.0,45.9,1.0108,0.2314,45.6319,10.9957,154886.0,158508.0,b'\x00',314.285824,b'U',20511757.0
32,31.2,-78.2,33.12,14.62,-0.05,33.08,0.511,6363.0,45.9,1.011,0.2314,45.6413,10.9957,154919.0,158541.0,b'\x00',130.504896,b'U',20511859.0
33,31.2,-77.5,33.3,14.72,0.04,33.25,0.514,6370.0,45.9,1.0112,0.2314,45.6525,10.9957,154952.0,158574.0,b'\x00',326.754304,b'U',20446284.0
34,31.2,-78.1,33.3,14.73,0.01,33.25,0.518,6377.0,46.0,1.0114,0.2314,45.662,10.9957,154988.0,158610.0,b'\x00',316.634464,b'U',20446284.0
35,31.3,-77.9,33.28,14.74,0.0,33.24,0.521,6384.0,45.8,1.0117,0.2314,45.6733,10.9957,155024.0,158646.0,b'\x00',309.351904,b'U',20446221.0
36,31.3,-77.5,33.48,14.85,0.0,33.43,0.513,6391.0,45.8,1.0119,0.2314,45.6828,10.9957,155058.0,158680.0,b'\x00',204.940848,b'U',20577423.0
37,31.3,-77.9,33.49,14.87,0.0,33.44,0.518,6397.0,45.8,1.0121,0.2314,45.6943,10.9957,155094.0,158716.0,b'\x00',203.317536,b'U',20380787.0
38,31.3,-78.1,33.68,14.97,0.0,33.64,0.513,6402.0,45.9,1.0124,0.2314,45.7039,10.9957,155130.0,158752.0,b'\x00',206.315728,b'U',20511887.0
39,31.2,-78.1,33.82,15.05,0.02,33.78,0.518,6407.0,45.9,1.0126,0.2314,45.7154,10.9957,155166.0,158788.0,b'\x00',205.429632,b'U',20577356.0
40,31.3,-77.7,33.91,15.1,0.0,33.86,0.52,6413.0,45.9,1.0128,0.2314,45.7251,10.9957,155202.0,158824.0,b'\x00',204.34392,b'U',20510037.0
41,31.3,-77.7,33.9,15.14,0.06,33.89,0.512,6420.0,45.8,1.0133,0.2314,45.7464,10.9957,155269.0,158891.0,b'\x00',285.823328,b'U',20577395.0
42,31.3,-77.5,34.23,15.3,-0.01,34.19,0.516,6430.0,45.8,1.0137,0.2314,45.7678,10.9957,155341.0,158963.0,b'\x00',290.05456,b'U',20510037.0
43,31.3,-78.3,34.24,15.31,0.03,34.18,0.529,6436.0,45.8,1.014,0.2314,45.7796,10.9957,155378.0,159000.0,b'\x00',308.133248,b'U',20577293.0
44,31.3,-77.7,34.27,15.34,-0.05,34.24,0.518,6440.0,45.7,1.0142,0.2314,45.7895,10.9957,155411.0,159033.0,b'\x00',164.967472,b'U',20511757.0
45,31.4,-78.7,34.46,15.45,0.0,34.42,0.526,6449.0,45.8,1.0147,0.2314,45.8112,10.9957,155484.0,159106.0,b'\x00',181.319136,b'U',20577395.0
46,31.4,-78.5,34.42,15.44,-0.01,34.36,0.525,6455.0,45.8,1.015,0.2314,45.8231,10.9957,155520.0,159142.0,b'\x00',203.704352,b'U',20642931.0
47,31.4,-78.8,34.5,15.5,0.02,34.48,0.529,6459.0,45.8,1.0152,0.2314,45.8329,10.9957,155556.0,159178.0,b'\x00',182.533968,b'U',20577293.0
48,31.3,-78.3,34.62,15.56,0.0,34.56,0.539,6464.0,45.7,1.0154,0.2314,45.8449,10.9957,155592.0,159214.0,b'\x00',194.851392,b'U',20577423.0
49,31.4,-78.1,34.56,15.55,-0.02,34.54,0.519,6467.0,45.7,1.0156,0.2314,45.8548,10.9957,155627.0,159249.0,b'\x00',174.406432,b'U',20706645.0
50,31.3,-77.7,34.69,15.61,0.02,34.63,0.524,6473.0,45.7,1.0159,0.2314,45.8669,10.9957,155664.0,159286.0,b'\x00',233.281072,b'U',20577293.0
51,31.4,-78.0,34.64,15.61,0.0,34.6,0.52,6478.0,45.8,1.0161,0.2314,45.8768,10.9957,155701.0,159323.0,b'\x00',258.86896,b'U',20577446.0
52,31.4,-78.0,34.85,15.71,-0.02,34.82,0.511,6480.0,45.8,1.0164,0.2314,45.8889,10.9957,155737.0,159359.0,b'\x00',275.890816,b'U',20708365.0
53,31.4,-77.5,34.9,15.73,0.04,34.84,0.528,6484.0,45.7,1.0166,0.2314,45.899,10.9957,155774.0,159396.0,b'\x00',302.105728,b'U',20577395.0
54,31.4,-77.4,34.99,15.78,-0.02,34.93,0.529,6488.0,45.8,1.0169,0.2314,45.9111,10.9957,155810.0,159432.0,b'\x00',322.314496,b'U',20511820.0
55,31.4,-77.3,34.88,15.75,0.0,34.84,0.531,6493.0,45.8,1.0171,0.2314,45.9232,10.9957,155846.0,159468.0,b'\x00',350.283584,b'U',20577423.0
56,31.4,-77.3,35.07,15.86,-0.02,35.04,0.512,6498.0,45.6,1.0176,0.2314,45.9455,10.9957,155919.0,159541.0,b'\x00',27.652096,b'U',20577395.0
57,31.4,-77.3,35.0,15.82,0.05,34.94,0.524,6503.0,45.8,1.0178,0.2314,45.9556,10.9957,155955.0,159577.0,b'\x00',4.557019,b'U',20708428.0
58,31.4,-77.5,35.11,15.9,-0.03,35.09,0.515,6504.0,45.8,1.0181,0.2314,45.9678,10.9957,155991.0,159613.0,b'\x00',40.642204,b'U',20642959.0
59,31.4,-78.0,35.15,15.91,0.07,35.1,0.521,6505.0,45.9,1.0183,0.2314,45.9779,10.9957,156025.0,159647.0,b'\x00',283.403072,b'U',20708428.0
60,31.5,-78.8,35.38,16.04,0.01,35.34,0.527,6512.0,45.8,1.0191,0.2314,46.0127,10.9957,156133.0,159755.0,b'\x00',293.954208,b'U',20708495.0
61,31.4,-78.8,35.27,15.99,-0.02,35.2,0.528,6518.0,45.8,1.0193,0.2314,46.0229,10.9957,156170.0,159792.0,b'\x00',327.773088,b'U',20642892.0
62,31.5,-79.0,35.35,16.04,-0.01,35.31,0.521,6523.0,45.8,1.0196,0.2314,46.0353,10.9957,156207.0,159829.0,b'\x00',7.306326,b'U',20642892.0
63,31.5,-78.5,35.44,16.1,-0.02,35.42,0.518,6522.0,45.6,1.0198,0.2314,46.0455,10.9957,156243.0,159865.0,b'\x00',43.040292,b'U',20642892.0
64,31.5,-78.1,35.34,16.05,0.03,35.28,0.526,6526.0,45.7,1.0201,0.2314,46.0579,10.9957,156278.0,159900.0,b'\x00',339.744736,b'U',20708495.0
65,31.5,-77.9,35.41,16.09,-0.03,35.37,0.516,6528.0,45.8,1.0203,0.2314,46.0682,10.9957,156315.0,159937.0,b'\x00',24.271422,b'U',20642892.0
66,31.5,-77.9,35.49,16.14,0.0,35.46,0.515,6529.0,45.8,1.0206,0.2314,46.0806,10.9957,156351.0,159973.0,b'\x00',36.60704,b'U',20708365.0
67,31.5,-78.3,35.53,16.14,0.0,35.46,0.531,6533.0,45.8,1.0208,0.2314,46.0909,10.9957,156388.0,160010.0,b'\x00',76.702216,b'U',20708428.0
68,31.5,-78.1,35.65,16.22,0.05,35.61,0.523,6535.0,45.8,1.0211,0.2314,46.1033,10.9957,156422.0,160044.0,b'\x00',355.292512,b'U',20577395.0
69,31.5,-78.3,35.67,16.23,-0.06,35.64,0.513,6534.0,45.8,1.0213,0.2314,46.1137,10.9957,156459.0,160081.0,b'\x00',33.188064,b'U',20642931.0
70,31.5,-77.9,35.53,16.16,0.0,35.47,0.536,6538.0,45.8,1.0216,0.2314,46.1261,10.9957,156496.0,160118.0,b'\x00',80.446872,b'U',20642931.0
71,31.5,-77.8,35.63,16.22,0.01,35.59,0.526,6540.0,45.8,1.0218,0.2314,46.1365,10.9957,156533.0,160155.0,b'\x00',138.99232,b'U',20708428.0
72,31.5,-77.4,35.73,16.28,0.01,35.7,0.521,6540.0,45.8,1.0221,0.2314,46.149,10.9957,156569.0,160191.0,b'\x00',156.663488,b'U',20642892.0
73,31.5,-77.5,35.67,16.24,0.02,35.61,0.531,6543.0,45.7,1.0223,0.2314,46.1614,10.9957,156606.0,160228.0,b'\x00',210.24712,b'U',20706645.0
74,31.5,-77.9,35.94,16.38,0.0,35.9,0.521,6544.0,45.7,1.0226,0.2314,46.1719,10.9957,156643.0,160265.0,b'\x00',256.542784,b'U',20774003.0
75,31.5,-77.9,35.82,16.32,0.02,35.77,0.539,6544.0,45.8,1.0228,0.2314,46.1844,10.9957,156680.0,160302.0,b'\x00',304.39472,b'U',20708365.0
76,31.6,-77.9,35.79,16.32,-0.05,35.75,0.526,6546.0,45.8,1.0231,0.2314,46.1948,10.9957,156716.0,160338.0,b'\x00',345.027968,b'U',20774031.0
77,31.5,-77.8,35.82,16.33,0.0,35.77,0.522,6548.0,45.8,1.0233,0.2314,46.2073,10.9957,156751.0,160373.0,b'\x00',261.504944,b'U',20708467.0
78,31.5,-77.6,35.84,16.34,0.03,35.78,0.54,6550.0,45.7,1.0236,0.2314,46.2178,10.9957,156788.0,160410.0,b'\x00',304.74512,b'U',20642892.0
79,31.6,-78.2,35.75,16.32,-0.01,35.71,0.526,6553.0,45.8,1.0238,0.2314,46.2303,10.9957,156824.0,160446.0,b'\x00',357.167328,b'U',20773964.0
80,31.6,-78.3,35.8,16.34,-0.09,35.77,0.515,6553.0,45.7,1.0241,0.2314,46.2408,10.9957,156861.0,160483.0,b'\x00',39.742336,b'U',20706645.0
81,31.6,-78.1,36.06,16.46,0.05,36.0,0.528,6554.0,45.8,1.0243,0.2314,46.2533,10.9957,156898.0,160520.0,b'\x00',85.915768,b'U',20839539.0
82,31.6,-78.1,35.96,16.42,0.02,35.92,0.53,6554.0,45.7,1.0246,0.2314,46.2638,10.9957,156934.0,160556.0,b'\x00',115.513384,b'U',20839500.0
83,31.6,-78.3,35.87,16.39,0.0,35.84,0.523,6555.0,45.8,1.0248,0.2314,46.2764,10.9957,156971.0,160593.0,b'\x00',159.15664,b'U',20773964.0
84,31.6,-78.2,35.76,16.32,0.02,35.68,0.531,6561.0,45.7,1.0251,0.2314,46.2889,10.9957,157008.0,160630.0,b'\x00',203.316768,b'U',20708467.0
85,31.6,-77.7,35.85,16.4,0.03,35.83,0.526,6562.0,45.7,1.0254,0.2314,46.2994,10.9957,157045.0,160667.0,b'\x00',256.357872,b'U',20774031.0
86,31.6,-78.0,36.06,16.47,-0.03,35.98,0.542,6564.0,45.7,1.0259,0.2314,46.3225,10.9957,157116.0,160738.0,b'\x00',186.894736,b'U',20774003.0
87,31.6,-77.7,36.01,16.48,0.04,35.97,0.539,6566.0,45.7,1.0261,0.2314,46.333,10.9957,157153.0,160775.0,b'\x00',244.712096,b'U',20708428.0
88,31.7,-77.7,36.15,16.54,0.01,36.13,0.533,6562.0,45.7,1.0264,0.2314,46.3457,10.9957,157190.0,160812.0,b'\x00',302.644416,b'U',20708428.0
89,31.6,-77.5,36.17,16.54,-0.04,36.1,0.528,6566.0,45.7,1.0266,0.2314,46.3584,10.9957,157226.0,160848.0,b'\x00',348.756832,b'U',20774003.0
90,31.7,-78.0,36.16,16.55,-0.05,36.14,0.515,6564.0,45.7,1.0269,0.2314,46.3689,10.9957,157263.0,160885.0,b'\x00',36.658584,b'U',20839539.0
91,31.6,-78.1,36.19,16.55,0.01,36.13,0.529,6565.0,45.7,1.0271,0.2314,46.3816,10.9957,157300.0,160922.0,b'\x00',95.046064,b'U',20839539.0
92,31.7,-79.2,35.99,16.47,0.04,35.91,0.532,6571.0,45.7,1.0279,0.2314,46.4153,10.9957,157410.0,161032.0,b'\x00',204.620912,b'U',20772181.0
93,31.7,-78.3,36.13,16.56,0.0,36.11,0.518,6572.0,45.6,1.0282,0.2314,46.4279,10.9957,157447.0,161069.0,b'\x00',262.34616,b'U',20905036.0
94,31.7,-78.2,36.17,16.56,-0.01,36.11,0.535,6572.0,45.7,1.0287,0.2314,46.4513,10.9957,157518.0,161140.0,b'\x00',212.102928,b'U',20905036.0
95,31.7,-78.5,36.17,16.59,-0.04,36.15,0.524,6574.0,45.8,1.0294,0.2314,46.4851,10.9957,157623.0,161245.0,b'\x00',44.308048,b'U',20774031.0
96,31.7,-78.2,36.13,16.55,0.0,36.07,0.527,6576.0,45.8,1.0296,0.2314,46.4957,10.9957,157660.0,161282.0,b'\x00',99.12768,b'U',20839500.0
97,31.7,-78.4,36.24,16.62,0.02,36.2,0.529,6576.0,45.7,1.0299,0.2314,46.5084,10.9957,157697.0,161319.0,b'\x00',153.597904,b'U',20839567.0
98,31.7,-77.8,36.31,16.64,0.08,36.24,0.541,6577.0,45.7,1.0302,0.2314,46.519,10.9957,157734.0,161356.0,b'\x00',192.992944,b'U',20839539.0
99,31.7,-77.6,36.17,16.59,0.0,36.13,0.528,6578.0,45.7,1.0304,0.2314,46.5317,10.9957,157771.0,161393.0,b'\x00',251.62104,b'U',20839500.0
100,31.7,-77.9,36.17,16.58,-0.01,36.12,0.54,6580.0,45.6,1.0307,0.2314,46.5445,10.9957,157808.0,161430.0,b'\x00',315.443008,b'U',20905036.0
101,31.8,-78.0,36.47,16.72,0.05,36.42,0.544,6578.0,45.7,1.0312,0.2314,46.5679,10.9957,157880.0,161502.0,b'\x00',310.73904,b'U',20773964.0
102,31.7,-77.6,36.28,16.64,-0.05,36.23,0.535,6579.0,45.7,1.0315,0.2314,46.5785,10.9957,157916.0,161538.0,b'\x00',338.975296,b'U',20837717.0
103,31.8,-78.0,36.39,16.7,0.02,36.36,0.523,6578.0,45.8,1.0317,0.2314,46.5892,10.9957,157951.0,161573.0,b'\x00',271.509088,b'U',20839500.0
104,31.8,-77.4,36.28,16.64,0.0,36.21,0.533,6580.0,45.6,1.032,0.2314,46.6019,10.9957,157988.0,161610.0,b'\x00',327.61296,b'U',20839567.0
105,31.7,-77.5,36.31,16.66,-0.07,36.28,0.517,6581.0,45.7,1.0322,0.2314,46.6125,10.9957,158025.0,161647.0,b'\x00',22.720106,b'U',20905075.0
106,31.8,-78.1,36.36,16.68,0.11,36.3,0.543,6581.0,45.6,1.0325,0.2314,46.6253,10.9957,158060.0,161682.0,b'\x00',313.058304,b'U',20773901.0
107,31.8,-78.6,36.21,16.62,-0.06,36.17,0.532,6583.0,45.7,1.0327,0.2314,46.6359,10.9957,158097.0,161719.0,b'\x00',12.135335,b'U',20839500.0
108,31.8,-77.8,36.44,16.72,0.0,36.4,0.531,6581.0,45.7,1.033,0.2314,46.6487,10.9957,158134.0,161756.0,b'\x00',69.422568,b'U',20903253.0
109,31.8,-77.6,36.4,16.69,0.01,36.33,0.542,6583.0,45.8,1.0333,0.2314,46.6615,10.9957,158171.0,161793.0,b'\x00',125.385472,b'U',20839539.0
110,31.8,-78.1,36.26,16.64,-0.02,36.22,0.534,6583.0,45.7,1.0335,0.2314,46.6722,10.9957,158206.0,161828.0,b'\x00',112.791448,b'U',20970639.0
111,31.8,-78.1,36.17,16.6,0.0,36.11,0.535,6586.0,45.7,1.0337,0.2314,46.6828,10.9957,158243.0,161865.0,b'\x00',123.119864,b'U',20839437.0
112,31.8,-77.8,36.32,16.67,0.02,36.26,0.54,6587.0,45.7,1.034,0.2314,46.6955,10.9957,158280.0,161902.0,b'\x00',192.438784,b'U',20839539.0
113,31.8,-77.9,36.19,16.63,0.0,36.16,0.529,6588.0,45.8,1.0343,0.2314,46.7083,10.9957,158317.0,161939.0,b'\x00',249.532288,b'U',20839567.0
114,31.8,-77.6,36.46,16.75,-0.03,36.43,0.519,6588.0,45.6,1.0345,0.2314,46.719,10.9957,158353.0,161975.0,b'\x00',270.551392,b'U',20905103.0
115,31.8,-77.7,36.5,16.76,0.03,36.43,0.538,6587.0,45.7,1.0348,0.2314,46.7318,10.9957,158390.0,162012.0,b'\x00',320.047104,b'U',20905075.0
116,31.8,-77.5,36.23,16.64,-0.03,36.19,0.531,6590.0,45.7,1.035,0.2314,46.7424,10.9957,158427.0,162049.0,b'\x00',1.23617,b'U',20905036.0
117,31.8,-77.2,36.38,16.71,-0.02,36.35,0.531,6587.0,45.8,1.0353,0.2314,46.7552,10.9957,158464.0,162086.0,b'\x00',62.495564,b'U',20970611.0
118,31.8,-77.1,36.43,16.73,0.02,36.37,0.527,6588.0,45.8,1.0356,0.2314,46.7659,10.9957,158501.0,162123.0,b'\x00',128.100888,b'U',20970572.0
119,31.9,-77.8,36.54,16.79,0.05,36.49,0.545,6586.0,45.7,1.0358,0.2314,46.7787,10.9957,158538.0,162160.0,b'\x00',186.892992,b'U',21036108.0
120,31.8,-77.4,36.49,16.77,-0.08,36.46,0.519,6585.0,45.8,1.0361,0.2314,46.7894,10.9957,158573.0,162195.0,b'\x00',152.734032,b'U',20970611.0
121,31.8,-77.5,36.36,16.69,0.02,36.29,0.53,6588.0,45.7,1.0363,0.2314,46.8022,10.9957,158610.0,162232.0,b'\x00',213.801504,b'U',20905075.0
122,31.9,-77.6,36.37,16.71,0.03,36.33,0.548,6587.0,45.8,1.0366,0.2314,46.8129,10.9957,158646.0,162268.0,b'\x00',183.210192,b'U',20905126.0
123,31.9,-77.8,36.37,16.72,0.03,36.32,0.538,6589.0,45.6,1.0369,0.2314,46.8257,10.9957,158683.0,162305.0,b'\x00',241.568112,b'U',20970662.0
124,31.9,-78.3,36.65,16.85,0.01,36.62,0.541,6586.0,45.6,1.0371,0.2314,46.8364,10.9957,158720.0,162342.0,b'\x00',302.549248,b'U',21036108.0
125,31.9,-78.0,36.39,16.72,-0.05,36.34,0.532,6589.0,45.7,1.0374,0.2314,46.8493,10.9957,158757.0,162379.0,b'\x00',0.985513,b'U',21036147.0
126,31.9,-78.3,36.56,16.8,0.0,36.52,0.525,6588.0,45.8,1.0376,0.2314,46.86,10.9957,158791.0,162413.0,b'\x00',266.75616,b'U',20970639.0
127,31.9,-77.8,36.34,16.7,-0.02,36.3,0.522,6589.0,45.8,1.0379,0.2314,46.8727,10.9957,158827.0,162449.0,b'\x00',267.095952,b'U',20905036.0
128,31.9,-77.9,36.45,16.74,0.0,36.38,0.539,6590.0,45.6,1.0381,0.2314,46.8834,10.9957,158864.0,162486.0,b'\x00',327.521568,b'U',20970572.0
129,31.9,-78.1,36.39,16.74,0.01,36.37,0.53,6589.0,45.7,1.0384,0.2314,46.8962,10.9957,158899.0,162521.0,b'\x00',278.396512,b'U',20970509.0
130,31.9,-78.2,36.35,16.7,0.0,36.28,0.532,6593.0,45.7,1.0386,0.2314,46.9069,10.9957,158936.0,162558.0,b'\x00',359.14912,b'U',20970572.0
131,31.9,-77.8,36.53,16.8,0.0,36.49,0.532,6591.0,45.6,1.0389,0.2314,46.9198,10.9957,158973.0,162595.0,b'\x00',13.173024,b'U',20970611.0
132,31.9,-78.0,36.64,16.84,0.01,36.59,0.537,6589.0,45.7,1.0392,0.2314,46.9305,10.9957,159010.0,162632.0,b'\x00',69.532528,b'U',20970572.0
133,31.9,-77.9,36.3,16.69,0.03,36.26,0.544,6591.0,45.7,1.0397,0.2314,46.954,10.9957,159084.0,162706.0,b'\x00',182.05712,b'U',20970611.0
134,31.9,-77.8,36.53,16.8,0.0,36.47,0.539,6593.0,45.6,1.04,0.2314,46.9669,10.9957,159120.0,162742.0,b'\x00',214.210304,b'U',20905036.0
135,31.9,-77.7,36.43,16.74,0.0,36.34,0.538,6594.0,45.6,1.0405,0.2314,46.9904,10.9957,159194.0,162816.0,b'\x00',321.760416,b'U',20970611.0
136,32.0,-78.0,36.46,16.78,-0.01,36.42,0.53,6594.0,45.6,1.0407,0.2314,47.0011,10.9957,159230.0,162852.0,b'\x00',330.738592,b'U',21036147.0
137,31.9,-78.0,36.57,16.83,-0.02,36.55,0.524,6593.0,45.7,1.041,0.2314,47.0139,10.9957,159267.0,162889.0,b'\x00',38.02856,b'U',20970639.0
138,32.0,-78.1,36.45,16.76,-0.01,36.4,0.53,6592.0,45.7,1.0413,0.2314,47.0268,10.9957,159303.0,162925.0,b'\x00',44.444596,b'U',21101683.0
139,32.0,-78.1,36.58,16.82,0.01,36.51,0.53,6593.0,45.6,1.0415,0.2314,47.0375,10.9957,159340.0,162962.0,b'\x00',110.813848,b'U',20970509.0
140,32.0,-77.6,36.53,16.8,0.01,36.49,0.54,6593.0,45.7,1.0418,0.2314,47.0504,10.9957,159377.0,162999.0,b'\x00',175.499056,b'U',20970639.0
141,32.0,-78.0,36.34,16.71,0.01,36.28,0.547,6595.0,45.7,1.042,0.2314,47.061,10.9957,159414.0,163036.0,b'\x00',188.727216,b'U',20970611.0
142,32.0,-78.1,36.42,16.76,-0.01,36.38,0.535,6597.0,45.6,1.0423,0.2314,47.0739,10.9957,159450.0,163072.0,b'\x00',231.202384,b'U',20970572.0
143,32.0,-77.9,36.57,16.83,0.01,36.55,0.537,6593.0,45.7,1.0425,0.2314,47.0846,10.9957,159487.0,163109.0,b'\x00',297.67088,b'U',21034325.0
144,32.0,-77.7,36.55,16.81,-0.04,36.48,0.534,6595.0,45.7,1.0428,0.2314,47.0975,10.9957,159524.0,163146.0,b'\x00',327.499616,b'U',21036147.0
145,32.0,-78.1,36.5,16.79,-0.04,36.47,0.521,6594.0,45.7,1.043,0.2314,47.1082,10.9957,159561.0,163183.0,b'\x00',31.047836,b'U',21101644.0
146,32.0,-78.6,36.59,16.83,0.03,36.54,0.539,6594.0,45.7,1.0438,0.2314,47.1446,10.9957,159671.0,163293.0,b'\x00',120.263256,b'U',21036108.0
147,32.0,-78.1,36.61,16.84,0.02,36.56,0.55,6593.0,45.6,1.0441,0.2314,47.1575,10.9957,159708.0,163330.0,b'\x00',180.072096,b'U',20970611.0
148,32.0,-78.1,36.39,16.75,0.0,36.36,0.53,6595.0,45.7,1.0444,0.2314,47.1682,10.9957,159745.0,163367.0,b'\x00',260.9928,b'U',21232755.0
149,32.0,-77.5,36.41,16.74,-0.05,36.35,0.534,6596.0,45.7,1.0446,0.2314,47.1789,10.9957,159779.0,163401.0,b'\x00',135.212656,b'U',20970572.0
150,32.1,-77.4,36.67,16.88,0.0,36.63,0.522,6596.0,45.6,1.0449,0.2314,47.1918,10.9957,159814.0,163436.0,b'\x00',92.98328,b'U',21036108.0
151,32.0,-77.9,36.47,16.78,0.04,36.41,0.536,6598.0,45.6,1.0451,0.2314,47.2025,10.9957,159848.0,163470.0,b'\x00',354.363744,b'U',21101683.0
152,32.0,-77.8,36.52,16.81,-0.01,36.48,0.541,6596.0,45.6,1.0453,0.2314,47.2132,10.9957,159886.0,163508.0,b'\x00',68.692632,b'U',21167180.0
153,32.0,-77.9,36.4,16.75,-0.02,36.35,0.538,6597.0,45.7,1.0456,0.2314,47.226,10.9957,159923.0,163545.0,b'\x00',137.796928,b'U',20905036.0
154,32.1,-78.3,36.57,16.83,0.03,36.52,0.537,6597.0,45.7,1.0459,0.2314,47.2389,10.9957,159960.0,163582.0,b'\x00',207.703712,b'U',21165397.0
155,32.1,-78.0,36.43,16.78,0.0,36.4,0.526,6598.0,45.7,1.0461,0.2314,47.2496,10.9957,159997.0,163619.0,b'\x00',266.850064,b'U',21101711.0
156,32.1,-77.9,36.39,16.75,0.0,36.35,0.53,6597.0,45.8,1.0464,0.2314,47.2624,10.9957,160033.0,163655.0,b'\x00',284.144896,b'U',21101644.0
157,32.1,-78.0,36.4,16.77,0.01,36.35,0.52,6600.0,45.7,1.0467,0.2314,47.2731,10.9957,160069.0,163691.0,b'\x00',267.267456,b'U',21101644.0
158,32.1,-78.0,36.51,16.81,0.0,36.45,0.537,6600.0,45.6,1.0469,0.2314,47.286,10.9957,160106.0,163728.0,b'\x00',326.539712,b'U',21167219.0
159,32.1,-77.7,36.68,16.9,-0.04,36.65,0.521,6597.0,45.6,1.0472,0.2314,47.2968,10.9957,160143.0,163765.0,b'\x00',28.60428,b'U',21101644.0
160,32.1,-78.1,36.59,16.85,0.0,36.55,0.525,6597.0,45.6,1.0475,0.2314,47.3096,10.9957,160179.0,163801.0,b'\x00',30.07257,b'U',21036147.0
161,32.1,-78.7,36.59,16.84,0.0,36.54,0.531,6596.0,45.7,1.0477,0.2314,47.3204,10.9957,160216.0,163838.0,b'\x00',93.712712,b'U',21036147.0
162,32.1,-78.4,36.47,16.8,0.02,36.43,0.527,6595.0,45.7,1.048,0.2314,47.3332,10.9957,160253.0,163875.0,b'\x00',154.949904,b'U',21167180.0
163,32.2,-78.4,36.52,16.81,0.05,36.45,0.538,6598.0,45.7,1.0482,0.2314,47.3439,10.9957,160290.0,163912.0,b'\x00',221.812832,b'U',21036108.0
164,32.1,-78.7,36.51,16.82,-0.01,36.48,0.527,6596.0,45.6,1.0485,0.2314,47.3568,10.9957,160327.0,163949.0,b'\x00',281.326784,b'U',21167180.0
165,32.1,-78.0,36.51,16.8,0.0,36.43,0.533,6598.0,45.7,1.0488,0.2314,47.3697,10.9957,160364.0,163986.0,b'\x00',328.4048,b'U',21167219.0
166,32.1,-78.0,36.56,16.84,-0.06,36.53,0.522,6598.0,45.6,1.049,0.2314,47.3804,10.9957,160401.0,164023.0,b'\x00',32.219208,b'U',21036147.0
167,32.1,-78.2,36.45,16.77,0.09,36.37,0.54,6599.0,45.6,1.0492,0.2314,47.3911,10.9957,160436.0,164058.0,b'\x00',318.16352,b'U',21036045.0
168,32.1,-78.4,45.03,24.39,1.03,45.01,0.626,7412.0,45.3,1.0499,0.2314,47.4229,10.9957,160517.0,164139.0,b'\x00',146.465072,b'U',21167117.0
169,32.2,-77.8,45.26,25.52,0.49,45.31,0.678,7775.0,45.0,1.0504,0.2314,47.442,10.9957,160561.0,164183.0,b'\x00',294.222976,b'U',21167117.0
170,32.1,-78.1,57.66,33.24,0.74,57.54,0.672,7963.0,45.0,1.0508,0.2314,47.4628,10.9957,160607.0,164229.0,b'\x00',142.483552,b'U',21101644.0
171,32.2,-78.1,57.41,33.43,0.0,57.39,0.652,8087.0,44.8,1.0514,0.2314,47.4879,10.9957,160653.0,164275.0,b'\x00',26.386626,b'U',21101644.0
172,32.2,-79.0,60.15,33.48,0.12,60.06,0.63,7880.0,45.0,1.0519,0.2314,47.509,10.9957,160697.0,164319.0,b'\x00',142.375856,b'U',21101644.0
173,32.2,-78.9,59.36,33.03,-0.04,59.33,0.656,7716.0,45.0,1.053,0.2314,47.5588,10.9957,160781.0,164403.0,b'\x00',163.578288,b'U',21101683.0
174,32.2,-78.8,58.25,33.22,0.02,58.12,0.681,7888.0,44.8,1.0534,0.2314,47.5796,10.9957,160826.0,164448.0,b'\x00',343.071808,b'U',21101644.0
175,32.2,-79.0,58.05,33.34,0.0,57.99,0.715,7988.0,45.0,1.054,0.2314,47.6047,10.9957,160872.0,164494.0,b'\x00',180.316912,b'U',21101711.0
176,32.2,-78.6,58.71,33.48,0.08,58.66,0.659,7971.0,45.0,1.0544,0.2314,47.6256,10.9957,160913.0,164535.0,b'\x00',175.45464,b'U',21167117.0
177,32.2,-78.8,60.59,33.26,0.05,60.47,0.644,7766.0,44.9,1.055,0.2314,47.6507,10.9957,160956.0,164578.0,b'\x00',226.461504,b'U',21298319.0
178,32.2,-78.9,60.43,32.97,-0.13,60.39,0.636,7669.0,44.9,1.0555,0.2314,47.6714,10.9957,160999.0,164621.0,b'\x00',262.87336,b'U',21298319.0
179,32.3,-79.5,58.65,33.2,-0.05,58.6,0.661,7822.0,44.9,1.056,0.2314,47.6962,10.9957,161043.0,164665.0,b'\x00',58.091664,b'U',21167117.0
180,32.3,-78.6,58.18,33.37,0.01,58.04,0.671,7949.0,44.9,1.0565,0.2314,47.7172,10.9957,161086.0,164708.0,b'\x00',86.907536,b'U',21167180.0
181,32.3,-78.3,58.64,33.28,0.08,58.54,0.667,7947.0,45.0,1.057,0.2314,47.7381,10.9957,161130.0,164752.0,b'\x00',214.34064,b'U',21298252.0
182,32.3,-78.5,59.57,33.36,0.07,59.54,0.668,7858.0,45.0,1.0575,0.2314,47.7632,10.9957,161174.0,164796.0,b'\x00',310.191328,b'U',21167219.0
183,32.3,-78.0,60.4,33.22,-0.05,60.32,0.634,7730.0,44.9,1.0581,0.2314,47.7881,10.9957,161217.0,164839.0,b'\x00',9.461354,b'U',21298291.0
184,32.4,-78.3,59.6,33.09,-0.08,59.52,0.659,7750.0,44.9,1.0585,0.2314,47.8089,10.9957,161260.0,164882.0,b'\x00',94.772416,b'U',21298252.0
185,32.4,-77.9,58.13,33.18,-0.02,58.08,0.653,7898.0,44.7,1.0591,0.2314,47.8338,10.9957,161305.0,164927.0,b'\x00',271.242432,b'U',21298189.0
186,32.4,-79.0,58.76,33.41,0.12,58.65,0.677,7932.0,44.9,1.0596,0.2314,47.8548,10.9957,161348.0,164970.0,b'\x00',314.816,b'U',21298252.0
187,32.4,-78.3,59.25,33.31,0.0,59.2,0.675,7880.0,44.8,1.06,0.2314,47.8757,10.9957,161390.0,165012.0,b'\x00',307.116352,b'U',21232783.0
188,32.4,-78.6,59.55,33.23,-0.06,59.51,0.64,7817.0,44.8,1.0606,0.2314,47.9007,10.9957,161431.0,165053.0,b'\x00',271.691776,b'U',21298319.0
189,32.4,-78.0,59.87,33.19,0.03,59.72,0.672,7771.0,44.8,1.061,0.2314,47.9215,10.9957,161475.0,165097.0,b'\x00',2.098011,b'U',21232716.0
190,32.4,-78.3,59.01,33.17,-0.09,58.94,0.657,7825.0,44.9,1.0616,0.2314,47.9465,10.9957,161519.0,165141.0,b'\x00',141.06504,b'U',21298291.0
191,32.5,-78.6,58.44,33.29,0.09,58.37,0.685,7915.0,44.8,1.0622,0.2314,47.9715,10.9957,161564.0,165186.0,b'\x00',312.553696,b'U',21298319.0
192,32.5,-79.1,59.08,33.38,-0.07,59.01,0.662,7898.0,44.8,1.0626,0.2314,47.9924,10.9957,161608.0,165230.0,b'\x00',92.135744,b'U',21298342.0
193,32.5,-78.6,59.47,33.22,0.08,59.36,0.662,7837.0,44.9,1.0632,0.2314,48.0174,10.9957,161652.0,165274.0,b'\x00',199.333952,b'U',21363725.0
194,32.5,-78.6,59.75,33.24,0.0,59.68,0.654,7786.0,44.9,1.0636,0.2314,48.0382,10.9957,161694.0,165316.0,b'\x00',212.697968,b'U',21363827.0
195,32.5,-78.1,59.53,33.18,0.0,59.47,0.674,7781.0,44.8,1.0642,0.2314,48.0632,10.9957,161738.0,165360.0,b'\x00',311.290656,b'U',21232755.0
196,32.6,-78.2,58.87,33.26,-0.09,58.8,0.663,7851.0,44.8,1.0647,0.2314,48.0841,10.9957,161782.0,165404.0,b'\x00',91.310824,b'U',21298291.0
197,32.6,-77.6,58.61,33.33,0.02,58.52,0.679,7909.0,44.9,1.0652,0.2314,48.1091,10.9957,161824.0,165446.0,b'\x00',110.069496,b'U',21429363.0
198,32.6,-78.0,59.06,33.26,0.08,58.97,0.67,7883.0,44.8,1.0657,0.2314,48.1299,10.9957,161868.0,165490.0,b'\x00',237.754752,b'U',21362005.0
199,32.6,-78.5,59.44,33.25,-0.01,59.38,0.649,7836.0,44.9,1.0662,0.2314,48.155,10.9957,161911.0,165533.0,b'\x00',252.684384,b'U',21429324.0
200,32.6,-78.6,59.63,33.26,-0.02,59.56,0.666,7800.0,44.8,1.0667,0.2314,48.1758,10.9957,161954.0,165576.0,b'\x00',351.430528,b'U',21429363.0
201,32.6,-78.5,59.31,33.29,0.01,59.23,0.66,7855.0,44.8,1.0687,0.2314,48.2675,10.9957,162124.0,165746.0,b'\x00',101.63324,b'U',21429324.0
202,32.7,-78.7,59.09,33.21,-0.15,59.03,0.645,7824.0,44.9,1.0702,0.2314,48.3341,10.9957,162255.0,165877.0,b'\x00',39.002084,b'U',21494860.0
203,32.7,-78.8,58.85,33.24,0.15,58.69,0.692,7878.0,44.9,1.0708,0.2314,48.3591,10.9957,162300.0,165922.0,b'\x00',189.879504,b'U',21494899.0
204,32.7,-78.9,59.06,33.34,-0.04,59.05,0.648,7869.0,45.0,1.0713,0.2314,48.38,10.9957,162343.0,165965.0,b'\x00',274.157472,b'U',21429414.0
205,32.8,-79.0,59.33,33.27,-0.09,59.26,0.631,7839.0,44.8,1.0718,0.2314,48.405,10.9957,162387.0,166009.0,b'\x00',31.800038,b'U',21494950.0
206,32.7,-77.9,59.42,33.26,0.09,59.29,0.65,7826.0,44.8,1.0724,0.2314,48.4301,10.9957,162431.0,166053.0,b'\x00',143.05704,b'U',21560435.0
207,32.7,-77.6,59.15,33.23,-0.01,59.11,0.644,7832.0,44.8,1.0728,0.2314,48.4509,10.9957,162475.0,166097.0,b'\x00',264.781008,b'U',21625971.0
208,32.8,-78.4,59.1,33.32,-0.08,59.06,0.638,7849.0,44.8,1.0734,0.2314,48.4758,10.9957,162519.0,166141.0,b'\x00',32.896412,b'U',21429324.0
209,32.8,-78.4,59.08,33.28,0.14,58.97,0.699,7862.0,45.0,1.0739,0.2314,48.4967,10.9957,162564.0,166186.0,b'\x00',181.70544,b'U',21560396.0
210,32.8,-78.5,59.16,33.26,-0.02,59.06,0.676,7842.0,44.8,1.0754,0.2314,48.5675,10.9957,162693.0,166315.0,b'\x00',3.382417,b'U',21494860.0
211,32.8,-78.2,59.19,33.34,0.01,59.19,0.661,7844.0,44.8,1.0759,0.2314,48.5884,10.9957,162733.0,166355.0,b'\x00',291.36352,b'U',21689685.0
212,32.8,-78.6,59.1,33.3,-0.08,59.03,0.662,7853.0,44.8,1.0765,0.2314,48.6134,10.9957,162778.0,166400.0,b'\x00',61.346256,b'U',21625932.0
213,32.8,-78.2,59.11,33.24,0.11,58.94,0.686,7859.0,44.9,1.0769,0.2314,48.6342,10.9957,162822.0,166444.0,b'\x00',192.705808,b'U',21560396.0
214,32.9,-78.1,59.27,33.32,-0.01,59.26,0.685,7839.0,44.7,1.0775,0.2314,48.6592,10.9957,162866.0,166488.0,b'\x00',305.600576,b'U',21691535.0
215,32.9,-78.2,59.26,33.29,-0.12,59.23,0.647,7829.0,44.9,1.0779,0.2314,48.6801,10.9957,162909.0,166531.0,b'\x00',54.818588,b'U',21560396.0
216,32.9,-77.9,59.19,33.25,-0.02,59.09,0.638,7834.0,44.7,1.0785,0.2314,48.705,10.9957,162951.0,166573.0,b'\x00',26.111572,b'U',21494899.0
217,32.9,-78.3,58.87,33.24,0.05,58.71,0.668,7880.0,44.8,1.0795,0.2314,48.7509,10.9957,163038.0,166660.0,b'\x00',206.780448,b'U',21625971.0
218,32.9,-78.2,59.2,33.36,-0.02,59.19,0.644,7858.0,44.7,1.08,0.2314,48.7718,10.9957,163081.0,166703.0,b'\x00',265.642816,b'U',21691507.0
219,33.0,-79.0,59.5,33.26,0.0,59.39,0.638,7819.0,44.8,1.0805,0.2314,48.7968,10.9957,163125.0,166747.0,b'\x00',9.909444,b'U',21560396.0
220,33.0,-78.5,59.36,33.25,0.04,59.26,0.68,7820.0,44.8,1.081,0.2314,48.8176,10.9957,163166.0,166788.0,b'\x00',356.899968,b'U',21691535.0
221,33.0,-77.9,59.14,33.33,-0.14,59.15,0.639,7835.0,44.8,1.0815,0.2314,48.8384,10.9957,163209.0,166831.0,b'\x00',42.054072,b'U',21691405.0
222,33.0,-77.5,59.04,33.29,0.0,58.94,0.639,7855.0,44.7,1.082,0.2314,48.8634,10.9957,163251.0,166873.0,b'\x00',32.962196,b'U',21625999.0
223,33.0,-77.8,59.13,33.33,0.09,59.05,0.653,7860.0,44.8,1.0825,0.2314,48.8843,10.9957,163295.0,166917.0,b'\x00',166.956,b'U',21625869.0
224,33.0,-77.3,59.27,33.3,0.04,59.2,0.662,7840.0,44.7,1.0831,0.2314,48.9093,10.9957,163340.0,166962.0,b'\x00',301.158336,b'U',21822579.0
225,33.0,-78.3,59.5,33.32,-0.12,59.45,0.634,7811.0,44.7,1.0835,0.2314,48.9301,10.9957,163383.0,167005.0,b'\x00',44.419776,b'U',21691468.0
226,33.0,-78.3,59.18,33.19,0.12,59.01,0.687,7831.0,44.8,1.0841,0.2314,48.9552,10.9957,163428.0,167050.0,b'\x00',188.592256,b'U',21625932.0
227,33.1,-77.8,58.93,33.31,-0.04,58.86,0.662,7864.0,44.8,1.0846,0.2314,48.9801,10.9957,163472.0,167094.0,b'\x00',332.622208,b'U',21757004.0
228,33.0,-77.4,59.04,33.36,-0.06,58.98,0.666,7875.0,44.8,1.0851,0.2314,49.001,10.9957,163516.0,167138.0,b'\x00',96.773464,b'U',21691468.0
229,33.1,-77.8,59.04,33.27,0.12,58.95,0.677,7868.0,44.8,1.0857,0.2314,49.026,10.9957,163560.0,167182.0,b'\x00',235.152016,b'U',21822477.0
230,33.1,-78.2,59.63,33.38,-0.06,59.58,0.662,7822.0,44.9,1.0861,0.2314,49.0468,10.9957,163600.0,167222.0,b'\x00',101.851464,b'U',21757043.0
231,33.1,-78.4,59.4,33.18,0.02,59.29,0.668,7805.0,44.9,1.0867,0.2314,49.0718,10.9957,163644.0,167266.0,b'\x00',224.399488,b'U',21691535.0
232,33.1,-78.3,59.03,33.29,0.0,58.97,0.676,7843.0,44.8,1.0871,0.2314,49.0926,10.9957,163688.0,167310.0,b'\x00',350.432256,b'U',21625971.0
233,33.1,-78.6,59.01,33.27,0.06,58.9,0.667,7870.0,44.9,1.0882,0.2314,49.1385,10.9957,163776.0,167398.0,b'\x00',216.55584,b'U',21822607.0
234,33.1,-78.9,59.31,33.34,-0.05,59.25,0.642,7847.0,44.9,1.0886,0.2314,49.1594,10.9957,163817.0,167439.0,b'\x00',137.89368,b'U',21689685.0
235,33.2,-78.9,59.35,33.31,0.0,59.32,0.679,7816.0,44.7,1.0897,0.2314,49.2052,10.9957,163904.0,167526.0,b'\x00',307.98096,b'U',21757043.0
236,33.1,-78.4,59.02,33.32,-0.1,58.93,0.665,7853.0,44.8,1.0902,0.2314,49.2302,10.9957,163948.0,167570.0,b'\x00',78.374672,b'U',21691507.0
237,33.2,-78.2,58.97,33.29,0.09,58.87,0.674,7868.0,44.7,1.0908,0.2314,49.2552,10.9957,163992.0,167614.0,b'\x00',227.675872,b'U',21888143.0
238,33.2,-78.2,59.16,33.37,-0.04,59.15,0.652,7856.0,44.8,1.0912,0.2314,49.2761,10.9957,164035.0,167657.0,b'\x00',285.211008,b'U',21822579.0
239,33.2,-77.4,59.37,33.34,-0.02,59.28,0.667,7838.0,44.8,1.0918,0.2314,49.3011,10.9957,164080.0,167702.0,b'\x00',66.083724,b'U',21822477.0
240,33.2,-78.0,59.42,33.29,0.06,59.34,0.66,7816.0,44.8,1.0923,0.2314,49.3219,10.9957,164123.0,167745.0,b'\x00',175.911984,b'U',21886293.0
241,33.2,-78.8,59.04,33.22,-0.11,58.94,0.648,7835.0,44.8,1.0928,0.2314,49.3469,10.9957,164165.0,167787.0,b'\x00',150.279872,b'U',21886293.0
242,33.3,-78.4,59.06,33.34,-0.11,58.99,0.639,7858.0,44.7,1.0938,0.2314,49.3928,10.9957,164253.0,167875.0,b'\x00',35.14378,b'U',21822579.0
243,33.2,-78.0,59.14,33.35,0.14,59.05,0.657,7859.0,44.8,1.0943,0.2314,49.4137,10.9957,164297.0,167919.0,b'\x00',169.426176,b'U',21888115.0
244,33.3,-78.9,59.2,33.3,0.0,59.13,0.653,7843.0,44.6,1.0949,0.2314,49.4387,10.9957,164341.0,167963.0,b'\x00',286.879424,b'U',21822477.0
245,33.3,-79.3,59.27,33.3,-0.12,59.2,0.639,7830.0,44.8,1.0953,0.2314,49.4595,10.9957,164385.0,168007.0,b'\x00',34.713204,b'U',21953651.0
246,33.3,-79.0,59.25,33.3,0.06,59.14,0.648,7834.0,44.8,1.0959,0.2314,49.4844,10.9957,164429.0,168051.0,b'\x00',157.023008,b'U',21888013.0
247,33.3,-78.9,59.06,33.3,0.02,59.01,0.654,7846.0,44.8,1.0964,0.2314,49.5094,10.9957,164473.0,168095.0,b'\x00',288.899552,b'U',21822540.0
248,33.3,-78.3,59.17,33.32,-0.05,59.07,0.642,7848.0,44.7,1.0969,0.2314,49.5303,10.9957,164517.0,168139.0,b'\x00',20.036088,b'U',21822579.0
249,33.4,-78.8,59.3,33.3,0.06,59.16,0.671,7834.0,44.7,1.0979,0.2314,49.5761,10.9957,164602.0,168224.0,b'\x00',104.865168,b'U',21822607.0
250,33.4,-78.3,59.12,33.31,0.08,59.04,0.652,7854.0,44.7,1.0994,0.2314,49.6428,10.9957,164731.0,168353.0,b'\x00',244.866848,b'U',21951829.0
251,33.4,-78.1,59.38,33.39,0.0,59.35,0.679,7834.0,44.6,1.1,0.2314,49.6678,10.9957,164774.0,168396.0,b'\x00',305.177952,b'U',21888143.0
252,33.4,-77.8,59.23,33.33,-0.07,59.16,0.678,7837.0,44.8,1.1004,0.2314,49.6887,10.9957,164818.0,168440.0,b'\x00',68.32872,b'U',21953651.0
253,33.5,-77.4,59.14,33.29,0.07,59.01,0.678,7847.0,44.9,1.101,0.2314,49.7137,10.9957,164862.0,168484.0,b'\x00',195.155824,b'U',21886293.0
254,33.5,-77.2,59.05,33.32,-0.04,58.98,0.672,7857.0,44.7,1.1016,0.2314,49.7387,10.9957,164906.0,168528.0,b'\x00',326.290752,b'U',22019148.0
255,33.5,-77.1,59.17,33.4,-0.04,59.12,0.662,7859.0,44.8,1.102,0.2314,49.7596,10.9957,164950.0,168572.0,b'\x00',95.440176,b'U',21953612.0
256,33.5,-77.5,59.26,33.34,-0.06,59.23,0.64,7836.0,44.7,1.1025,0.2314,49.7804,10.9957,164991.0,168613.0,b'\x00',34.474472,b'U',22019148.0
257,33.5,-77.8,59.49,33.28,0.06,59.35,0.651,7814.0,44.7,1.1031,0.2314,49.8054,10.9957,165035.0,168657.0,b'\x00',140.299248,b'U',22017365.0
258,33.5,-77.8,59.27,33.33,0.02,59.19,0.675,7826.0,44.8,1.1035,0.2314,49.8262,10.9957,165076.0,168698.0,b'\x00',108.128904,b'U',22019148.0
259,33.5,-78.1,58.85,33.24,0.03,58.75,0.659,7861.0,44.8,1.1041,0.2314,49.8512,10.9957,165121.0,168743.0,b'\x00',244.247824,b'U',22084684.0
260,33.5,-78.5,59.0,33.41,-0.11,58.99,0.645,7871.0,44.7,1.1045,0.2314,49.872,10.9957,165165.0,168787.0,b'\x00',25.637478,b'U',22017365.0
261,33.6,-78.4,59.54,33.29,-0.04,59.44,0.669,7800.0,44.8,1.1061,0.2314,49.9429,10.9957,165296.0,168918.0,b'\x00',340.955008,b'U',22019148.0
262,33.5,-78.1,59.0,33.34,0.0,58.91,0.692,7849.0,44.6,1.1067,0.2314,49.9679,10.9957,165340.0,168962.0,b'\x00',119.799424,b'U',21888076.0
263,33.6,-78.2,58.79,33.37,0.03,58.71,0.669,7887.0,44.7,1.1071,0.2314,49.9887,10.9957,165384.0,169006.0,b'\x00',219.71592,b'U',22150157.0
264,33.6,-78.8,58.99,33.37,-0.05,58.98,0.652,7875.0,44.7,1.1077,0.2314,50.0137,10.9957,165427.0,169049.0,b'\x00',274.902208,b'U',21953612.0
265,33.6,-79.1,59.43,33.37,-0.04,59.35,0.638,7835.0,44.7,1.1082,0.2314,50.0346,10.9957,165471.0,169093.0,b'\x00',23.214982,b'U',22019215.0
266,33.6,-78.8,59.77,33.35,0.06,59.66,0.655,7791.0,44.8,1.1087,0.2314,50.0596,10.9957,165514.0,169136.0,b'\x00',99.92016,b'U',22215795.0
267,33.6,-78.6,59.14,33.26,-0.03,59.1,0.652,7811.0,44.7,1.1092,0.2314,50.0804,10.9957,165557.0,169179.0,b'\x00',166.744128,b'U',22084621.0
268,33.6,-77.7,58.79,33.33,0.08,58.63,0.691,7874.0,44.8,1.1098,0.2314,50.1055,10.9957,165600.0,169222.0,b'\x00',191.83224,b'U',22019085.0
269,33.7,-78.1,58.9,33.39,-0.04,58.84,0.668,7886.0,44.7,1.1102,0.2314,50.1263,10.9957,165644.0,169266.0,b'\x00',331.706112,b'U',22150259.0
270,33.7,-78.6,59.35,33.41,-0.03,59.29,0.659,7854.0,44.7,1.1108,0.2314,50.1513,10.9957,165688.0,169310.0,b'\x00',92.282776,b'U',22019148.0
271,33.6,-78.5,59.4,33.28,0.06,59.29,0.66,7822.0,44.8,1.1112,0.2314,50.1722,10.9957,165732.0,169354.0,b'\x00',209.888416,b'U',22084751.0
272,33.7,-78.0,58.68,33.35,0.07,58.58,0.672,7894.0,44.7,1.1128,0.2314,50.243,10.9957,165864.0,169486.0,b'\x00',216.597232,b'U',22084684.0
273,33.7,-78.9,59.38,33.31,-0.01,59.3,0.672,7836.0,44.8,1.1139,0.2314,50.2888,10.9957,165950.0,169572.0,b'\x00',357.007904,b'U',22084723.0
274,33.7,-78.7,59.57,33.41,-0.03,59.51,0.661,7812.0,44.8,1.1144,0.2314,50.3139,10.9957,165994.0,169616.0,b'\x00',98.434736,b'U',22019187.0
275,33.7,-78.4,59.0,33.22,0.03,58.89,0.681,7837.0,44.8,1.1149,0.2314,50.3346,10.9957,166038.0,169660.0,b'\x00',231.153744,b'U',22148437.0
276,33.8,-78.3,58.68,33.36,-0.02,58.61,0.685,7893.0,44.7,1.1154,0.2314,50.3596,10.9957,166082.0,169704.0,b'\x00',357.06432,b'U',22084751.0
277,33.8,-78.3,58.96,33.44,0.01,58.87,0.675,7897.0,44.7,1.1159,0.2314,50.3805,10.9957,166125.0,169747.0,b'\x00',4.065674,b'U',22281292.0
278,33.8,-78.3,59.38,33.28,-0.02,59.32,0.642,7808.0,44.7,1.1169,0.2314,50.4263,10.9957,166211.0,169833.0,b'\x00',150.2688,b'U',22084684.0
279,33.9,-78.2,59.04,33.4,-0.08,58.98,0.642,7857.0,44.8,1.1179,0.2314,50.4722,10.9957,166299.0,169921.0,b'\x00',36.035516,b'U',22150287.0
280,33.8,-77.9,59.13,33.41,0.02,59.05,0.667,7874.0,44.7,1.119,0.2314,50.518,10.9957,166384.0,170006.0,b'\x00',103.12724,b'U',22213973.0
281,33.8,-78.1,59.37,33.36,-0.02,59.31,0.642,7836.0,44.7,1.1194,0.2314,50.5389,10.9957,166427.0,170049.0,b'\x00',152.076912,b'U',22281229.0
282,33.9,-77.9,59.19,33.29,0.0,59.13,0.646,7829.0,44.6,1.12,0.2314,50.5638,10.9957,166471.0,170093.0,b'\x00',273.875168,b'U',22346895.0
283,33.9,-77.7,59.25,33.4,-0.05,59.2,0.638,7834.0,44.7,1.1206,0.2314,50.5888,10.9957,166515.0,170137.0,b'\x00',38.6351,b'U',22150220.0
284,33.9,-77.1,59.14,33.36,0.09,59.04,0.655,7846.0,44.8,1.121,0.2314,50.6096,10.9957,166559.0,170181.0,b'\x00',169.145088,b'U',22281331.0
285,33.9,-77.5,59.08,33.35,0.04,58.97,0.68,7857.0,44.7,1.1216,0.2314,50.6347,10.9957,166604.0,170226.0,b'\x00',310.04224,b'U',22281359.0
286,33.9,-77.6,59.17,33.34,-0.06,59.06,0.654,7851.0,44.7,1.122,0.2314,50.6555,10.9957,166647.0,170269.0,b'\x00',7.790478,b'U',22346828.0
287,33.9,-78.2,59.24,33.38,0.0,59.16,0.652,7846.0,44.8,1.1226,0.2314,50.6805,10.9957,166691.0,170313.0,b'\x00',134.332752,b'U',22346895.0
288,33.9,-78.4,59.13,33.34,0.03,59.07,0.647,7844.0,44.7,1.1231,0.2314,50.7013,10.9957,166735.0,170357.0,b'\x00',254.315472,b'U',22346867.0
289,34.0,-78.0,59.21,33.37,-0.05,59.13,0.648,7843.0,44.6,1.1236,0.2314,50.7264,10.9957,166779.0,170401.0,b'\x00',8.441713,b'U',22346867.0
290,34.0,-78.1,59.4,33.38,0.05,59.28,0.685,7834.0,44.8,1.1242,0.2314,50.7514,10.9957,166823.0,170445.0,b'\x00',126.73044,b'U',22215756.0
291,34.0,-78.4,59.1,33.3,0.01,59.04,0.653,7838.0,44.7,1.1247,0.2314,50.7722,10.9957,166867.0,170489.0,b'\x00',245.731168,b'U',22281331.0
292,34.0,-78.4,59.28,33.38,0.01,59.2,0.658,7837.0,44.7,1.1252,0.2314,50.7972,10.9957,166909.0,170531.0,b'\x00',249.279248,b'U',22346765.0
293,34.0,-78.2,59.28,33.43,-0.05,59.26,0.657,7834.0,44.7,1.1257,0.2314,50.8181,10.9957,166949.0,170571.0,b'\x00',165.094992,b'U',22410581.0
294,34.0,-78.9,58.98,33.32,0.0,58.9,0.667,7851.0,44.7,1.1261,0.2314,50.8389,10.9957,166993.0,170615.0,b'\x00',293.993856,b'U',22346765.0
295,34.0,-78.5,59.02,33.33,0.05,58.86,0.683,7867.0,44.7,1.1266,0.2314,50.8598,10.9957,167035.0,170657.0,b'\x00',241.826816,b'U',22281292.0
296,34.0,-78.4,59.06,33.39,-0.03,59.01,0.654,7865.0,44.6,1.1272,0.2314,50.8848,10.9957,167077.0,170699.0,b'\x00',253.65968,b'U',22215795.0
297,34.0,-78.6,59.24,33.35,0.03,59.13,0.675,7850.0,44.7,1.1276,0.2314,50.9055,10.9957,167119.0,170741.0,b'\x00',247.51088,b'U',22477939.0
298,34.1,-78.7,59.43,33.38,0.01,59.35,0.677,7827.0,44.6,1.1281,0.2314,50.9264,10.9957,167161.0,170783.0,b'\x00',247.311216,b'U',22412364.0
299,34.1,-78.1,59.18,33.36,-0.04,59.11,0.677,7839.0,44.6,1.1287,0.2314,50.9514,10.9957,167205.0,170827.0,b'\x00',1.883879,b'U',22477939.0
300,34.1,-78.8,59.1,33.45,0.0,59.04,0.645,7873.0,44.7,1.1297,0.2314,50.9972,10.9957,167291.0,170913.0,b'\x00',138.725776,b'U',22346867.0
301,34.1,-77.9,59.13,33.33,0.04,59.06,0.652,7854.0,44.7,1.1302,0.2314,51.0222,10.9957,167335.0,170957.0,b'\x00',259.39496,b'U',22346867.0
302,34.1,-78.3,59.31,33.39,-0.03,59.23,0.649,7837.0,44.6,1.1307,0.2314,51.0431,10.9957,167379.0,171001.0,b'\x00',12.188671,b'U',22346828.0
303,34.2,-78.5,59.25,33.35,-0.02,59.18,0.649,7833.0,44.7,1.1312,0.2314,51.064,10.9957,167421.0,171043.0,b'\x00',14.723637,b'U',22412364.0
304,34.1,-78.7,59.16,33.37,0.0,59.07,0.652,7845.0,44.7,1.1317,0.2314,51.0889,10.9957,167465.0,171087.0,b'\x00',139.461344,b'U',22281229.0
305,34.1,-79.0,58.96,33.39,0.02,58.93,0.649,7861.0,44.7,1.1323,0.2314,51.1139,10.9957,167509.0,171131.0,b'\x00',276.856064,b'U',22476117.0
306,34.2,-78.5,59.22,33.46,-0.03,59.16,0.656,7855.0,44.7,1.1328,0.2314,51.1348,10.9957,167554.0,171176.0,b'\x00',61.35304,b'U',22412301.0
307,34.1,-77.9,59.27,33.36,0.1,59.14,0.698,7841.0,44.8,1.1333,0.2314,51.1598,10.9957,167598.0,171220.0,b'\x00',182.258544,b'U',22346828.0
308,34.2,-78.2,59.04,33.34,-0.03,58.99,0.665,7847.0,44.6,1.1338,0.2314,51.1806,10.9957,167641.0,171263.0,b'\x00',297.75648,b'U',22346828.0
309,34.2,-78.7,59.19,33.43,-0.04,59.09,0.671,7852.0,44.7,1.1343,0.2314,51.2056,10.9957,167686.0,171308.0,b'\x00',69.346152,b'U',22477967.0
310,34.2,-79.0,59.04,33.3,0.06,58.9,0.674,7857.0,44.7,1.1349,0.2314,51.2306,10.9957,167730.0,171352.0,b'\x00',198.559616,b'U',22410581.0
311,34.2,-78.8,59.11,33.42,-0.04,59.11,0.649,7851.0,44.6,1.1354,0.2314,51.2514,10.9957,167773.0,171395.0,b'\x00',275.370976,b'U',22608909.0
312,34.2,-79.1,59.17,33.41,-0.08,59.11,0.647,7848.0,44.7,1.1359,0.2314,51.2764,10.9957,167817.0,171439.0,b'\x00',38.311668,b'U',22608972.0
313,34.2,-78.7,59.22,33.4,0.11,59.12,0.654,7844.0,44.7,1.1364,0.2314,51.2973,10.9957,167861.0,171483.0,b'\x00',167.19192,b'U',22477967.0
314,34.2,-78.5,59.21,33.35,-0.02,59.11,0.649,7839.0,44.7,1.137,0.2314,51.3223,10.9957,167905.0,171527.0,b'\x00',266.133088,b'U',22477837.0
315,34.2,-78.7,59.23,33.4,-0.09,59.17,0.636,7836.0,44.7,1.1374,0.2314,51.3431,10.9957,167949.0,171571.0,b'\x00',28.854908,b'U',22476117.0
316,34.2,-78.3,59.24,33.39,0.07,59.13,0.646,7840.0,44.7,1.138,0.2314,51.3681,10.9957,167993.0,171615.0,b'\x00',150.123952,b'U',22477900.0
317,34.3,-78.6,59.11,33.34,0.05,58.98,0.669,7850.0,44.8,1.1384,0.2314,51.3889,10.9957,168036.0,171658.0,b'\x00',210.022128,b'U',22476117.0
318,34.3,-78.8,59.24,33.45,-0.03,59.2,0.672,7846.0,44.7,1.139,0.2314,51.414,10.9957,168076.0,171698.0,b'\x00',107.308544,b'U',22543503.0
319,34.3,-78.8,59.08,33.39,-0.04,59.01,0.676,7856.0,44.6,1.14,0.2314,51.4598,10.9957,168164.0,171786.0,b'\x00',348.930976,b'U',22477967.0
320,34.3,-78.7,59.34,33.44,0.04,59.24,0.684,7846.0,44.7,1.1405,0.2314,51.4806,10.9957,168209.0,171831.0,b'\x00',122.147976,b'U',22543436.0
321,34.3,-78.2,59.14,33.35,0.0,59.06,0.682,7844.0,44.7,1.1411,0.2314,51.5056,10.9957,168253.0,171875.0,b'\x00',240.13352,b'U',22609011.0
322,34.4,-78.6,59.13,33.4,-0.06,59.07,0.647,7851.0,44.6,1.1415,0.2314,51.5264,10.9957,168297.0,171919.0,b'\x00',3.749949,b'U',22543475.0
323,34.4,-79.1,59.19,33.49,-0.03,59.18,0.679,7852.0,44.7,1.1421,0.2314,51.5514,10.9957,168340.0,171962.0,b'\x00',62.37112,b'U',22543475.0
324,34.4,-78.8,59.21,33.39,0.08,59.13,0.66,7842.0,44.7,1.1426,0.2314,51.5723,10.9957,168383.0,172005.0,b'\x00',174.9344,b'U',22672725.0
325,34.4,-78.8,59.25,33.35,-0.05,59.17,0.64,7829.0,44.6,1.1431,0.2314,51.5973,10.9957,168427.0,172049.0,b'\x00',266.525088,b'U',22477939.0
326,34.4,-78.8,59.15,33.4,-0.1,59.09,0.643,7838.0,44.5,1.1437,0.2314,51.6222,10.9957,168471.0,172093.0,b'\x00',32.134624,b'U',22476117.0
327,34.4,-78.9,59.14,33.43,0.12,59.06,0.663,7850.0,44.7,1.1441,0.2314,51.6431,10.9957,168515.0,172137.0,b'\x00',169.72528,b'U',22543475.0
328,34.4,-78.3,59.22,33.39,0.03,59.06,0.685,7854.0,44.7,1.1452,0.2314,51.689,10.9957,168600.0,172222.0,b'\x00',191.087136,b'U',22609011.0
329,34.5,-78.2,59.24,33.4,-0.01,59.16,0.677,7844.0,44.7,1.1456,0.2314,51.7098,10.9957,168642.0,172264.0,b'\x00',201.476416,b'U',22674575.0
330,34.4,-78.0,45.76,22.46,-0.56,43.85,0.563,7266.0,44.7,1.1459,0.2314,51.7238,10.9957,168677.0,172299.0,b'\x00',175.932496,b'U',22543436.0
331,34.5,-77.6,66.62,32.53,0.68,66.44,0.608,6885.0,44.6,1.1465,0.2314,51.7483,10.9957,168714.0,172336.0,b'\x00',222.978736,b'U',22608909.0
332,34.5,-77.7,52.43,27.28,-1.64,52.14,0.643,7186.0,45.1,1.1469,0.2314,51.7691,10.9957,168756.0,172378.0,b'\x00',188.01392,b'U',22674508.0
333,34.5,-78.0,54.25,30.66,-0.11,54.19,0.65,7842.0,44.7,1.1482,0.2314,51.8243,10.9957,168885.0,172507.0,b'\x00',58.59272,b'U',22674575.0
334,34.6,-78.7,59.27,33.32,0.06,59.19,0.674,7835.0,44.7,1.1497,0.2314,51.8901,10.9957,169015.0,172637.0,b'\x00',245.540592,b'U',22674508.0
335,34.6,-78.8,59.65,33.36,-0.04,59.59,0.664,7787.0,44.6,1.1502,0.2314,51.9151,10.9957,169058.0,172680.0,b'\x00',339.36464,b'U',22740083.0
336,34.6,-78.1,58.18,32.45,-0.21,58.11,0.664,7773.0,44.6,1.1508,0.2314,51.9395,10.9957,169102.0,172724.0,b'\x00',79.494184,b'U',22674508.0
337,34.6,-77.6,57.64,32.06,0.0,57.61,0.63,7747.0,44.8,1.1512,0.2314,51.9595,10.9957,169145.0,172767.0,b'\x00',161.101472,b'U',22739981.0
338,34.6,-77.4,56.76,31.38,0.0,56.62,0.634,7731.0,44.7,1.1517,0.2314,51.9831,10.9957,169189.0,172811.0,b'\x00',249.37616,b'U',22739981.0
339,34.6,-77.8,56.53,31.1,-0.06,56.46,0.657,7694.0,44.7,1.1522,0.2314,52.0026,10.9957,169232.0,172854.0,b'\x00',320.860288,b'U',22740044.0
340,34.6,-78.1,55.67,30.48,-0.08,55.65,0.619,7655.0,44.8,1.1527,0.2314,52.0254,10.9957,169273.0,172895.0,b'\x00',271.075424,b'U',22740044.0
341,34.6,-78.0,53.92,29.08,-0.02,53.8,0.619,7572.0,44.6,1.1536,0.2314,52.0663,10.9957,169357.0,172979.0,b'\x00',247.963104,b'U',22674547.0
342,34.6,-78.2,53.52,28.68,-0.1,53.47,0.611,7522.0,44.9,1.154,0.2314,52.0843,10.9957,169399.0,173021.0,b'\x00',254.800528,b'U',22805619.0
343,34.7,-78.0,52.43,27.88,-0.02,52.36,0.611,7473.0,45.0,1.1545,0.2314,52.1053,10.9957,169441.0,173063.0,b'\x00',247.170272,b'U',22805619.0
344,34.7,-78.2,50.54,26.49,0.03,50.5,0.595,7374.0,45.0,1.1553,0.2314,52.1424,10.9957,169521.0,173143.0,b'\x00',12.752503,b'U',22740083.0
345,34.7,-78.3,47.68,24.4,-0.1,47.61,0.592,7233.0,45.1,1.1564,0.2314,52.193,10.9957,169640.0,173262.0,b'\x00',340.011616,b'U',22936691.0
346,34.7,-78.2,47.11,23.94,0.01,47.07,0.589,7179.0,45.1,1.1568,0.2314,52.2111,10.9957,169680.0,173302.0,b'\x00',223.63696,b'U',22739981.0
347,34.7,-78.2,45.98,23.18,-0.15,45.93,0.593,7131.0,45.0,1.1571,0.2314,52.2257,10.9957,169720.0,173342.0,b'\x00',108.805568,b'U',22803797.0
348,34.7,-78.4,45.42,22.72,0.04,45.35,0.588,7085.0,45.0,1.1575,0.2314,52.243,10.9957,169758.0,173380.0,b'\x00',233.374384,b'U',22871053.0
349,34.7,-78.4,44.28,21.98,-0.19,44.22,0.573,7039.0,45.2,1.1578,0.2314,52.2568,10.9957,169798.0,173420.0,b'\x00',107.375952,b'U',22871155.0
350,34.7,-77.6,43.88,21.63,0.05,43.8,0.574,6995.0,45.2,1.1582,0.2314,52.2733,10.9957,169837.0,173459.0,b'\x00',243.95672,b'U',22805580.0
351,34.8,-77.7,42.53,20.82,-0.24,42.51,0.552,6950.0,45.2,1.1585,0.2314,52.2864,10.9957,169875.0,173497.0,b'\x00',40.980364,b'U',22740083.0
352,34.8,-77.8,42.35,20.58,0.01,42.29,0.556,6905.0,45.2,1.1588,0.2314,52.302,10.9957,169911.0,173533.0,b'\x00',53.456988,b'U',22609011.0
353,34.7,-78.6,40.98,19.77,-0.1,40.89,0.564,6870.0,45.3,1.1591,0.2314,52.3146,10.9957,169948.0,173570.0,b'\x00',116.900824,b'U',22805670.0
354,34.8,-78.5,40.87,19.61,0.06,40.82,0.561,6826.0,45.2,1.1594,0.2314,52.3294,10.9957,169986.0,173608.0,b'\x00',239.996432,b'U',22805580.0
355,34.8,-78.3,39.75,18.94,-0.1,39.73,0.542,6785.0,45.3,1.1597,0.2314,52.3414,10.9957,170023.0,173645.0,b'\x00',286.339424,b'U',22869333.0
356,34.8,-78.1,39.71,18.78,-0.1,39.64,0.533,6742.0,45.4,1.16,0.2314,52.3557,10.9957,170061.0,173683.0,b'\x00',29.526282,b'U',22871155.0
357,34.8,-78.1,38.3,18.0,-0.04,38.25,0.535,6704.0,45.4,1.1603,0.2314,52.367,10.9957,170098.0,173720.0,b'\x00',99.718256,b'U',22805647.0
358,34.8,-78.0,38.26,17.86,0.03,38.19,0.562,6664.0,45.4,1.1606,0.2314,52.3807,10.9957,170136.0,173758.0,b'\x00',180.93624,b'U',22805517.0
359,34.8,-78.1,36.19,16.59,-0.04,36.14,0.533,6553.0,45.3,1.1613,0.2314,52.4151,10.9957,170244.0,173866.0,b'\x00',214.429792,b'U',22871053.0
360,34.8,-78.5,35.73,16.27,-0.01,35.68,0.529,6518.0,45.4,1.1616,0.2314,52.4276,10.9957,170281.0,173903.0,b'\x00',240.5344,b'U',22871155.0
361,34.8,-78.2,35.27,15.97,-0.02,35.22,0.522,6482.0,45.4,1.1618,0.2314,52.4377,10.9957,170316.0,173938.0,b'\x00',230.402192,b'U',22869333.0
362,34.8,-78.9,34.66,15.59,-0.05,34.61,0.522,6447.0,45.4,1.1621,0.2314,52.4496,10.9957,170352.0,173974.0,b'\x00',236.705712,b'U',22871053.0
363,34.8,-78.4,33.63,14.95,-0.07,33.56,0.498,6382.0,45.5,1.1625,0.2314,52.4709,10.9957,170421.0,174043.0,b'\x00',18.538128,b'U',22805580.0
364,34.8,-78.4,33.49,14.82,0.09,33.43,0.511,6349.0,45.5,1.1627,0.2314,52.4803,10.9957,170455.0,174077.0,b'\x00',248.196912,b'U',23002227.0
365,34.9,-79.2,32.76,14.4,-0.11,32.7,0.513,6319.0,45.5,1.1629,0.2314,52.4895,10.9957,170490.0,174112.0,b'\x00',210.36168,b'U',23002227.0
366,34.8,-78.4,32.48,14.22,-0.05,32.45,0.506,6286.0,45.5,1.1632,0.2314,52.5004,10.9957,170525.0,174147.0,b'\x00',154.839696,b'U',22805580.0
367,34.8,-78.0,31.64,13.77,-0.05,31.58,0.507,6261.0,45.6,1.1634,0.2314,52.5109,10.9957,170560.0,174182.0,b'\x00',76.566456,b'U',22871155.0
368,34.8,-77.6,31.58,13.68,0.0,31.53,0.492,6232.0,45.5,1.1636,0.2314,52.5197,10.9957,170595.0,174217.0,b'\x00',5.248088,b'U',22936691.0
369,34.9,-78.3,30.98,13.35,0.01,30.94,0.496,6202.0,45.6,1.1638,0.2314,52.5299,10.9957,170629.0,174251.0,b'\x00',290.878272,b'U',22805619.0
370,34.8,-78.0,30.92,13.25,-0.01,30.84,0.499,6174.0,45.6,1.164,0.2314,52.5383,10.9957,170664.0,174286.0,b'\x00',198.982464,b'U',22805580.0
371,34.8,-77.9,30.29,12.93,-0.07,30.26,0.486,6146.0,45.7,1.1642,0.2314,52.5482,10.9957,170698.0,174320.0,b'\x00',102.15136,b'U',22805619.0
372,34.8,-77.1,30.12,12.79,0.07,30.07,0.498,6118.0,45.6,1.1644,0.2314,52.5564,10.9957,170732.0,174354.0,b'\x00',307.187264,b'U',22871116.0
373,34.8,-77.1,29.6,12.51,-0.03,29.54,0.494,6092.0,45.6,1.1646,0.2314,52.5659,10.9957,170766.0,174388.0,b'\x00',202.47544,b'U',22805517.0
374,34.8,-77.1,29.27,12.32,-0.07,29.23,0.49,6068.0,45.6,1.1648,0.2314,52.5738,10.9957,170798.0,174420.0,b'\x00',345.451712,b'U',23002227.0
375,34.8,-77.6,28.87,12.09,-0.07,28.82,0.476,6045.0,45.7,1.165,0.2314,52.5831,10.9957,170831.0,174453.0,b'\x00',146.095504,b'U',22871116.0
376,34.8,-78.0,28.64,11.95,-0.03,28.58,0.474,6023.0,45.7,1.1652,0.2314,52.5908,10.9957,170865.0,174487.0,b'\x00',11.873475,b'U',23002227.0
377,34.8,-78.7,28.45,11.82,0.07,28.39,0.481,5999.0,45.7,1.1654,0.2314,52.5998,10.9957,170898.0,174520.0,b'\x00',233.671808,b'U',22871206.0
378,34.8,-78.3,28.16,11.64,-0.09,28.11,0.482,5976.0,45.7,1.1655,0.2314,52.6072,10.9957,170932.0,174554.0,b'\x00',83.010736,b'U',22871183.0
379,34.8,-77.8,27.71,11.43,0.05,27.69,0.468,5950.0,45.7,1.1657,0.2314,52.616,10.9957,170965.0,174587.0,b'\x00',280.282208,b'U',22934869.0
380,34.8,-78.0,27.46,11.26,-0.02,27.4,0.474,5929.0,45.7,1.1659,0.2314,52.6246,10.9957,170998.0,174620.0,b'\x00',115.21384,b'U',22871183.0
381,34.8,-77.9,27.2,11.12,-0.02,27.14,0.471,5910.0,45.6,1.1661,0.2314,52.6317,10.9957,171030.0,174652.0,b'\x00',216.191248,b'U',22805517.0
382,34.8,-78.1,26.89,10.95,-0.1,26.84,0.468,5891.0,45.7,1.1662,0.2314,52.6401,10.9957,171063.0,174685.0,b'\x00',38.699812,b'U',22805619.0
383,34.8,-78.0,26.75,10.86,0.05,26.68,0.469,5872.0,45.7,1.1664,0.2314,52.6471,10.9957,171096.0,174718.0,b'\x00',213.277488,b'U',22805619.0
384,34.8,-77.8,26.76,10.84,0.06,26.74,0.472,5849.0,45.7,1.1665,0.2314,52.6539,10.9957,171127.0,174749.0,b'\x00',285.781312,b'U',22871183.0
385,34.8,-77.6,26.61,10.72,-0.08,26.56,0.459,5827.0,45.7,1.1667,0.2314,52.6622,10.9957,171159.0,174781.0,b'\x00',25.693994,b'U',22871155.0
386,34.9,-77.3,25.96,10.41,0.0,25.89,0.47,5812.0,45.7,1.1669,0.2314,52.6702,10.9957,171192.0,174814.0,b'\x00',224.43056,b'U',23002125.0
387,34.8,-78.1,25.89,10.36,-0.04,25.84,0.459,5794.0,45.8,1.167,0.2314,52.6769,10.9957,171225.0,174847.0,b'\x00',10.007569,b'U',22871155.0
388,34.8,-77.5,25.57,10.2,-0.03,25.5,0.458,5778.0,45.7,1.1672,0.2314,52.6847,10.9957,171257.0,174879.0,b'\x00',155.436032,b'U',22739981.0
389,34.8,-77.5,25.42,10.12,0.09,25.38,0.456,5760.0,45.8,1.1674,0.2314,52.6911,10.9957,171289.0,174911.0,b'\x00',294.02784,b'U',22805647.0
390,34.8,-77.2,24.9,9.85,0.0,24.83,0.469,5732.0,45.7,1.1677,0.2314,52.7063,10.9957,171354.0,174976.0,b'\x00',192.192688,b'U',22871155.0
391,34.8,-77.9,24.86,9.82,-0.04,24.82,0.452,5719.0,45.8,1.1678,0.2314,52.7126,10.9957,171383.0,175005.0,b'\x00',145.957152,b'U',22805580.0
392,34.8,-77.4,24.42,9.55,-0.06,24.35,0.454,5679.0,45.6,1.1683,0.2314,52.7322,10.9957,171476.0,175098.0,b'\x00',326.322752,b'U',22740044.0
393,34.8,-77.6,24.19,9.45,0.0,24.14,0.455,5664.0,45.8,1.1684,0.2314,52.7383,10.9957,171508.0,175130.0,b'\x00',70.67428,b'U',22740083.0
394,34.8,-77.7,24.02,9.36,0.05,23.98,0.453,5650.0,45.8,1.1685,0.2314,52.7454,10.9957,171539.0,175161.0,b'\x00',174.325712,b'U',22936589.0
395,34.8,-77.7,23.72,9.22,-0.05,23.67,0.448,5639.0,45.8,1.1687,0.2314,52.7525,10.9957,171571.0,175193.0,b'\x00',268.007296,b'U',22871206.0
396,34.8,-77.5,23.77,9.21,-0.04,23.7,0.448,5628.0,45.8,1.1688,0.2314,52.7585,10.9957,171603.0,175225.0,b'\x00',5.410534,b'U',22871155.0
397,34.8,-77.7,23.72,9.17,0.0,23.66,0.456,5615.0,45.8,1.169,0.2314,52.7655,10.9957,171634.0,175256.0,b'\x00',91.942952,b'U',22871116.0
398,34.8,-77.7,23.55,9.1,0.02,23.52,0.44,5600.0,45.8,1.1691,0.2314,52.7712,10.9957,171664.0,175286.0,b'\x00',96.393488,b'U',22803797.0
399,34.8,-78.1,23.3,8.96,-0.06,23.23,0.45,5591.0,45.7,1.1693,0.2314,52.7782,10.9957,171694.0,175316.0,b'\x00',84.016808,b'U',22871116.0
400,34.8,-77.9,23.35,8.98,0.02,23.29,0.447,5580.0,45.7,1.1694,0.2314,52.7839,10.9957,171724.0,175346.0,b'\x00',105.223552,b'U',22871116.0
401,34.8,-77.9,23.16,8.89,0.04,23.13,0.449,5567.0,45.7,1.1695,0.2314,52.7895,10.9957,171754.0,175376.0,b'\x00',61.488376,b'U',23002255.0
402,34.8,-77.5,22.81,8.73,-0.07,22.75,0.446,5560.0,45.8,1.1697,0.2314,52.7963,10.9957,171785.0,175407.0,b'\x00',136.9196,b'U',22739981.0
403,34.8,-76.9,23.03,8.79,0.03,22.95,0.442,5551.0,45.8,1.1698,0.2314,52.802,10.9957,171816.0,175438.0,b'\x00',189.709264,b'U',22871155.0
404,34.8,-77.4,22.82,8.71,0.03,22.77,0.44,5541.0,45.8,1.1699,0.2314,52.8086,10.9957,171846.0,175468.0,b'\x00',219.714928,b'U',22805580.0
405,34.8,-77.6,22.6,8.58,-0.03,22.52,0.439,5523.0,45.8,1.1702,0.2314,52.8208,10.9957,171907.0,175529.0,b'\x00',285.149216,b'U',22934869.0
406,34.8,-77.6,22.71,8.62,0.07,22.65,0.44,5513.0,45.7,1.1703,0.2314,52.8263,10.9957,171936.0,175558.0,b'\x00',220.66616,b'U',22871116.0
407,34.8,-77.6,22.24,8.43,-0.04,22.21,0.434,5505.0,45.9,1.1705,0.2314,52.8327,10.9957,171967.0,175589.0,b'\x00',274.886784,b'U',22936691.0
408,34.8,-77.6,22.42,8.47,-0.02,22.33,0.439,5498.0,45.8,1.1706,0.2314,52.8382,10.9957,171998.0,175620.0,b'\x00',318.32672,b'U',22805580.0
409,34.8,-77.0,22.31,8.43,0.0,22.26,0.435,5490.0,45.9,1.1707,0.2314,52.8447,10.9957,172029.0,175651.0,b'\x00',6.826181,b'U',22936691.0
410,34.8,-77.1,22.09,8.33,0.0,22.05,0.438,5480.0,45.8,1.1708,0.2314,52.85,10.9957,172059.0,175681.0,b'\x00',51.81664,b'U',23002227.0
411,34.8,-77.7,21.96,8.26,-0.08,21.89,0.434,5476.0,45.9,1.171,0.2314,52.8563,10.9957,172090.0,175712.0,b'\x00',92.001312,b'U',22740044.0
412,34.8,-77.5,22.38,8.42,0.03,22.32,0.428,5467.0,45.8,1.1711,0.2314,52.8617,10.9957,172120.0,175742.0,b'\x00',94.63284,b'U',22936652.0
413,34.9,-77.0,22.06,8.29,0.02,22.03,0.437,5457.0,45.8,1.1712,0.2314,52.8681,10.9957,172149.0,175771.0,b'\x00',23.074134,b'U',22936691.0
414,34.8,-77.3,21.89,8.2,-0.05,21.82,0.436,5452.0,45.7,1.1713,0.2314,52.8734,10.9957,172180.0,175802.0,b'\x00',76.694592,b'U',22805580.0
415,34.8,-77.6,21.9,8.2,0.03,21.84,0.436,5446.0,45.9,1.1715,0.2314,52.8797,10.9957,172210.0,175832.0,b'\x00',116.261448,b'U',22936691.0
416,34.8,-77.2,21.75,8.14,0.01,21.71,0.436,5438.0,45.7,1.1716,0.2314,52.8859,10.9957,172241.0,175863.0,b'\x00',146.699216,b'U',22740083.0
417,34.8,-76.9,21.59,8.06,0.01,21.53,0.435,5434.0,45.8,1.1717,0.2314,52.8911,10.9957,172271.0,175893.0,b'\x00',175.53312,b'U',23002227.0
418,34.8,-77.4,21.61,8.06,-0.05,21.53,0.437,5430.0,46.0,1.1719,0.2314,52.8973,10.9957,172302.0,175924.0,b'\x00',209.414944,b'U',23000405.0
419,34.8,-77.5,21.74,8.12,0.09,21.69,0.435,5423.0,45.7,1.172,0.2314,52.9024,10.9957,172332.0,175954.0,b'\x00',234.451664,b'U',22936589.0
420,34.8,-77.5,21.3,7.93,-0.04,21.25,0.432,5419.0,45.9,1.1721,0.2314,52.9086,10.9957,172362.0,175984.0,b'\x00',239.470432,b'U',22871116.0
421,34.8,-77.5,21.53,8.01,-0.04,21.47,0.428,5415.0,45.8,1.1722,0.2314,52.9137,10.9957,172393.0,176015.0,b'\x00',265.393376,b'U',22934869.0
422,34.8,-77.6,21.6,8.04,0.04,21.56,0.434,5406.0,45.7,1.1724,0.2314,52.9199,10.9957,172421.0,176043.0,b'\x00',137.710704,b'U',22805580.0
423,34.9,-78.1,21.32,7.91,-0.05,21.27,0.429,5401.0,45.8,1.1725,0.2314,52.9249,10.9957,172451.0,176073.0,b'\x00',158.725872,b'U',22805619.0
424,34.9,-77.6,21.35,7.92,0.0,21.27,0.44,5399.0,45.9,1.1726,0.2314,52.931,10.9957,172482.0,176104.0,b'\x00',198.97776,b'U',23000405.0
425,34.8,-77.4,21.35,7.93,0.03,21.32,0.436,5392.0,45.8,1.1727,0.2314,52.9361,10.9957,172511.0,176133.0,b'\x00',141.112912,b'U',22805580.0
426,34.8,-77.3,20.93,7.74,-0.06,20.85,0.424,5394.0,45.8,1.1728,0.2314,52.9411,10.9957,172539.0,176161.0,b'\x00',5.184993,b'U',22871116.0
427,34.8,-77.7,21.34,7.9,0.07,21.27,0.436,5388.0,45.9,1.173,0.2314,52.9471,10.9957,172568.0,176190.0,b'\x00',313.552384,b'U',22805517.0
428,34.8,-77.5,20.92,7.75,-0.02,20.89,0.426,5385.0,45.7,1.1731,0.2314,52.9521,10.9957,172597.0,176219.0,b'\x00',271.531712,b'U',22936742.0
429,34.9,-78.8,21.21,7.84,0.02,21.16,0.434,5377.0,45.8,1.1733,0.2314,52.9631,10.9957,172656.0,176278.0,b'\x00',197.154096,b'U',22871116.0
430,34.8,-77.4,20.74,7.65,-0.05,20.69,0.429,5375.0,45.8,1.1734,0.2314,52.969,10.9957,172686.0,176308.0,b'\x00',209.104976,b'U',23002255.0
431,34.8,-77.6,21.1,7.79,0.06,21.05,0.425,5368.0,45.8,1.1737,0.2314,52.9799,10.9957,172746.0,176368.0,b'\x00',221.797392,b'U',22871053.0
432,34.9,-77.6,20.76,7.64,-0.01,20.7,0.43,5364.0,45.7,1.1738,0.2314,52.9848,10.9957,172776.0,176398.0,b'\x00',230.308016,b'U',22871116.0
433,34.9,-77.8,20.92,7.69,-0.04,20.84,0.428,5363.0,45.9,1.1739,0.2314,52.9908,10.9957,172806.0,176428.0,b'\x00',234.741072,b'U',22805619.0
434,34.9,-77.6,20.96,7.72,0.0,20.93,0.428,5357.0,45.8,1.174,0.2314,52.9957,10.9957,172834.0,176456.0,b'\x00',76.353088,b'U',23000405.0
435,34.9,-77.6,20.68,7.59,-0.07,20.61,0.432,5357.0,45.9,1.1741,0.2314,53.0015,10.9957,172864.0,176486.0,b'\x00',82.487544,b'U',22871053.0
436,34.9,-77.0,20.98,7.71,0.03,20.92,0.418,5353.0,45.8,1.1742,0.2314,53.0065,10.9957,172894.0,176516.0,b'\x00',91.451616,b'U',22871183.0
437,34.8,-77.5,20.57,7.55,-0.06,20.51,0.423,5347.0,45.8,1.1745,0.2314,53.0172,10.9957,172953.0,176575.0,b'\x00',33.969328,b'U',22805647.0
438,34.9,-77.6,20.86,7.66,0.02,20.8,0.424,5344.0,45.9,1.1746,0.2314,53.0231,10.9957,172983.0,176605.0,b'\x00',36.123936,b'U',23002255.0
439,34.8,-77.5,20.6,7.56,0.04,20.55,0.424,5340.0,45.9,1.1747,0.2314,53.0279,10.9957,173013.0,176635.0,b'\x00',9.032534,b'U',22936691.0
440,34.9,-77.7,20.65,7.56,-0.04,20.58,0.425,5340.0,45.8,1.1748,0.2314,53.0337,10.9957,173043.0,176665.0,b'\x00',10.276835,b'U',22871116.0
441,34.9,-77.5,20.82,7.64,0.1,20.77,0.419,5335.0,45.9,1.1749,0.2314,53.0386,10.9957,173071.0,176693.0,b'\x00',290.89568,b'U',22871116.0
442,34.9,-77.4,20.44,7.48,-0.05,20.38,0.422,5335.0,45.8,1.1751,0.2314,53.0444,10.9957,173101.0,176723.0,b'\x00',271.749824,b'U',22871206.0
443,34.9,-77.4,20.57,7.52,-0.03,20.5,0.425,5335.0,45.9,1.1752,0.2314,53.0492,10.9957,173131.0,176753.0,b'\x00',270.713312,b'U',22871155.0
444,34.9,-77.8,20.62,7.55,0.03,20.57,0.422,5332.0,45.9,1.1753,0.2314,53.055,10.9957,173161.0,176783.0,b'\x00',268.156704,b'U',23002227.0
445,34.9,-78.2,20.79,7.61,-0.01,20.75,0.424,5323.0,45.8,1.1756,0.2314,53.0704,10.9957,173248.0,176870.0,b'\x00',93.964064,b'U',22936589.0
446,34.9,-78.8,20.3,7.41,-0.04,20.24,0.425,5323.0,45.8,1.1758,0.2314,53.0762,10.9957,173278.0,176900.0,b'\x00',97.196408,b'U',22805619.0
447,34.9,-78.8,20.64,7.54,0.01,20.58,0.424,5322.0,45.8,1.1759,0.2314,53.081,10.9957,173307.0,176929.0,b'\x00',44.72032,b'U',22871116.0
448,34.9,-78.4,20.31,7.42,0.0,20.26,0.421,5320.0,45.8,1.176,0.2314,53.0867,10.9957,173337.0,176959.0,b'\x00',33.927456,b'U',23002188.0
449,34.9,-77.9,20.72,7.57,0.08,20.65,0.426,5317.0,45.9,1.1762,0.2314,53.0973,10.9957,173397.0,177019.0,b'\x00',13.87804,b'U',22936589.0
450,34.9,-77.8,20.38,7.44,0.0,20.33,0.422,5315.0,45.9,1.1763,0.2314,53.103,10.9957,173427.0,177049.0,b'\x00',4.957845,b'U',22871155.0
451,34.9,-77.1,20.34,7.41,-0.02,20.27,0.427,5315.0,46.0,1.1765,0.2314,53.1078,10.9957,173456.0,177078.0,b'\x00',306.999328,b'U',22871183.0
452,34.9,-77.3,20.48,7.47,0.03,20.44,0.424,5306.0,45.8,1.1769,0.2314,53.1288,10.9957,173573.0,177195.0,b'\x00',139.707056,b'U',22871116.0
453,34.9,-77.2,20.15,7.33,-0.05,20.08,0.416,5308.0,45.9,1.177,0.2314,53.1335,10.9957,173601.0,177223.0,b'\x00',13.20394,b'U',23002188.0
454,34.9,-77.1,20.58,7.5,0.04,20.51,0.423,5307.0,45.9,1.1771,0.2314,53.1393,10.9957,173631.0,177253.0,b'\x00',1.190661,b'U',23002125.0
455,34.8,-77.1,20.22,7.36,0.0,20.18,0.423,5304.0,45.9,1.1772,0.2314,53.144,10.9957,173661.0,177283.0,b'\x00',14.339806,b'U',22805670.0
456,34.9,-76.6,20.25,7.36,-0.03,20.18,0.419,5306.0,45.9,1.1774,0.2314,53.1497,10.9957,173691.0,177313.0,b'\x00',3.345294,b'U',23000405.0
457,34.9,-77.5,20.47,7.45,0.06,20.4,0.422,5305.0,45.9,1.1775,0.2314,53.1554,10.9957,173720.0,177342.0,b'\x00',356.59072,b'U',23002188.0
458,34.9,-77.3,20.31,7.39,0.0,20.26,0.42,5301.0,46.0,1.1776,0.2314,53.1601,10.9957,173750.0,177372.0,b'\x00',342.748288,b'U',23002188.0
459,34.9,-78.0,20.28,7.37,-0.03,20.21,0.431,5302.0,45.9,1.1777,0.2314,53.1658,10.9957,173780.0,177402.0,b'\x00',315.28224,b'U',22936652.0
460,34.9,-78.2,20.42,7.44,0.03,20.38,0.417,5299.0,45.9,1.1778,0.2314,53.1706,10.9957,173809.0,177431.0,b'\x00',258.86512,b'U',23002227.0
461,34.9,-77.7,20.44,7.44,0.03,20.39,0.43,5298.0,45.9,1.1782,0.2314,53.1866,10.9957,173898.0,177520.0,b'\x00',202.161744,b'U',22803797.0
462,34.9,-77.6,20.13,7.32,0.0,20.07,0.429,5297.0,45.9,1.1783,0.2314,53.1923,10.9957,173928.0,177550.0,b'\x00',187.803264,b'U',22871155.0
463,34.9,-77.4,20.36,7.4,-0.04,20.3,0.423,5298.0,45.8,1.1784,0.2314,53.197,10.9957,173957.0,177579.0,b'\x00',123.768976,b'U',22871116.0
464,34.9,-77.4,20.28,7.38,0.03,20.24,0.434,5294.0,45.9,1.1785,0.2314,53.2027,10.9957,173986.0,177608.0,b'\x00',111.339408,b'U',22936691.0
465,34.9,-77.7,20.14,7.31,-0.04,20.08,0.419,5295.0,45.8,1.1786,0.2314,53.2074,10.9957,174016.0,177638.0,b'\x00',65.706536,b'U',23002255.0
466,34.9,-77.3,20.16,7.32,0.0,20.09,0.414,5295.0,45.8,1.179,0.2314,53.2234,10.9957,174105.0,177727.0,b'\x00',6.288391,b'U',22871155.0
467,34.9,-77.5,20.37,7.4,0.02,20.31,0.426,5294.0,45.8,1.1791,0.2314,53.2281,10.9957,174134.0,177756.0,b'\x00',352.076576,b'U',23002188.0
468,34.9,-77.4,20.07,7.29,0.02,20.03,0.425,5293.0,45.8,1.1792,0.2314,53.2337,10.9957,174164.0,177786.0,b'\x00',349.376608,b'U',22871116.0
469,34.9,-77.3,20.1,7.29,-0.07,20.03,0.417,5295.0,46.0,1.1793,0.2314,53.2394,10.9957,174194.0,177816.0,b'\x00',336.20016,b'U',22934869.0
470,34.9,-77.4,20.41,7.42,0.08,20.36,0.42,5292.0,45.8,1.1794,0.2314,53.2441,10.9957,174223.0,177845.0,b'\x00',250.20072,b'U',22936691.0
471,34.9,-77.7,20.04,7.28,0.0,19.99,0.426,5292.0,45.9,1.1795,0.2314,53.2497,10.9957,174252.0,177874.0,b'\x00',233.452368,b'U',23067724.0
472,34.9,-77.5,20.24,7.34,-0.07,20.17,0.423,5293.0,45.8,1.1796,0.2314,53.2545,10.9957,174280.0,177902.0,b'\x00',117.706784,b'U',23131477.0
473,34.9,-77.4,20.0,7.27,0.04,19.96,0.427,5293.0,45.9,1.1797,0.2314,53.2591,10.9957,174308.0,177930.0,b'\x00',357.275104,b'U',22740083.0
474,34.9,-77.5,20.38,7.4,0.05,20.3,0.429,5291.0,45.8,1.18,0.2314,53.2695,10.9957,174368.0,177990.0,b'\x00',315.260896,b'U',22936652.0
475,34.9,-77.4,20.07,7.29,0.0,20.03,0.425,5289.0,45.8,1.1801,0.2314,53.2751,10.9957,174396.0,178018.0,b'\x00',231.570128,b'U',22936691.0
476,34.9,-77.5,20.29,7.36,-0.04,20.22,0.42,5289.0,45.9,1.1802,0.2314,53.2798,10.9957,174424.0,178046.0,b'\x00',113.605248,b'U',23002227.0
477,34.9,-77.2,20.25,7.36,0.01,20.21,0.419,5287.0,45.9,1.1803,0.2314,53.2855,10.9957,174454.0,178076.0,b'\x00',97.886816,b'U',22871053.0
478,34.9,-77.5,19.98,7.24,-0.04,19.91,0.426,5289.0,45.8,1.1804,0.2314,53.2901,10.9957,174484.0,178106.0,b'\x00',77.20344,b'U',22936652.0
479,34.9,-76.9,20.42,7.42,0.1,20.36,0.433,5288.0,46.0,1.1805,0.2314,53.2948,10.9957,174512.0,178134.0,b'\x00',306.288832,b'U',23002125.0
480,34.9,-77.5,20.03,7.27,-0.03,19.99,0.422,5286.0,45.8,1.1807,0.2314,53.3004,10.9957,174541.0,178163.0,b'\x00',284.03344,b'U',22871183.0
481,34.9,-77.7,20.07,7.27,-0.05,20.0,0.416,5289.0,45.9,1.1808,0.2314,53.306,10.9957,174571.0,178193.0,b'\x00',265.950096,b'U',23002227.0
482,34.9,-77.9,20.34,7.38,0.1,20.28,0.424,5287.0,45.9,1.1809,0.2314,53.3108,10.9957,174600.0,178222.0,b'\x00',232.102272,b'U',22871155.0
483,34.9,-77.3,19.89,7.21,-0.09,19.83,0.427,5288.0,45.8,1.181,0.2314,53.3154,10.9957,174628.0,178250.0,b'\x00',113.038688,b'U',22936652.0
484,34.9,-77.8,20.3,7.37,0.04,20.25,0.418,5288.0,45.9,1.1811,0.2314,53.3211,10.9957,174656.0,178278.0,b'\x00',339.468768,b'U',23002227.0
485,34.9,-78.0,20.12,7.3,0.03,20.06,0.432,5285.0,45.8,1.1812,0.2314,53.3257,10.9957,174686.0,178308.0,b'\x00',318.5368,b'U',23002227.0
486,34.9,-77.5,20.23,7.33,-0.03,20.16,0.423,5285.0,45.9,1.1813,0.2314,53.3314,10.9957,174716.0,178338.0,b'\x00',301.260928,b'U',22869333.0
487,34.9,-77.3,20.3,7.37,0.0,20.26,0.423,5283.0,45.8,1.1814,0.2314,53.3361,10.9957,174743.0,178365.0,b'\x00',162.921776,b'U',23067661.0
488,34.9,-77.2,19.97,7.23,-0.06,19.9,0.42,5286.0,45.9,1.1815,0.2314,53.3408,10.9957,174772.0,178394.0,b'\x00',89.399776,b'U',23002227.0
489,34.9,-77.4,20.23,7.34,0.05,20.17,0.417,5287.0,45.9,1.1817,0.2314,53.3464,10.9957,174801.0,178423.0,b'\x00',3.048813,b'U',23002125.0
